period_quarter,employee_id,employee_type,tenure_years,role_category,bureau_office,prior_cio_changes_experienced,cloud_migration_phase,legacy_systems_in_bureau,systems_migrated_in_bureau,it_om_budget_ratio_pct,security_incidents_quarter,employee_engagement_score,leadership_confidence_score,change_readiness_index,cultural_sentiment_score,change_resistance_index,digital_training_hours_quarter,innovation_ideas_submitted,participated_in_scrum,participated_feedback_session,is_change_agent,intrapreneur_assigned,quick_wins_experienced_count,digital_tool_adoption_score,collaboration_cross_bureau_index,communication_effectiveness_score,feedback_frequency_score,telework_adoption_score,blog_engagement_score,twitter_following_cio,transparency_perception_score,security_posture_score,years_since_last_training
2013-Q3,FCC_E001,federal_employee,9.4,program_staff,Office_of_Communications,1,inventory,9,0,84.3,2,1.33,4.15,3.8,2.12,6.57,0,0,0,0,0,0,0,2.4,2.09,2.98,3.5,1.74,1.0,0,1.38,3.37,0.76
2013-Q3,FCC_E002,contractor,8.1,IT_staff,Office_of_Economics_Analytics,6,inventory,11,0,84.3,2,1.85,2.55,3.36,1.2,7.45,0,0,0,0,0,0,0,4.1,3.59,2.5,1.42,1.0,2.19,0,3.03,3.07,0.2
2013-Q3,FCC_E003,contractor,19.9,program_staff,Wireline_Competition,8,inventory,12,0,84.3,2,2.08,1.55,1.69,1.0,9.08,0,0,0,0,0,0,0,1.0,1.8,1.6,4.67,1.06,2.31,0,4.94,4.67,0.2
2013-Q3,FCC_E004,federal_employee,12.3,policy_analyst,Wireless_Telecommunications,5,inventory,13,0,84.3,2,1.0,1.61,2.11,1.0,9.04,0,0,0,0,0,0,0,2.02,3.08,2.51,2.83,3.55,1.0,0,2.7,3.68,1.25
2013-Q3,FCC_E005,federal_employee,7.4,program_staff,Office_of_Communications,7,inventory,8,0,84.3,2,2.14,1.9,1.0,1.0,10.0,0,0,0,0,0,0,0,1.0,3.35,3.05,1.95,1.83,2.14,0,2.97,1.0,2.14
2013-Q3,FCC_E006,federal_employee,10.2,administrative,Office_of_Media_Relations,7,inventory,11,0,84.3,2,1.0,1.0,1.0,1.0,10.0,1,0,0,0,0,0,0,1.1,3.24,3.25,2.61,1.55,1.0,0,3.58,1.0,0.88
2013-Q3,FCC_E007,federal_employee,8.7,field_operations,Enforcement_Bureau,7,inventory,13,0,84.3,2,2.66,1.0,1.7,1.0,9.16,0,1,0,1,0,0,0,1.97,3.01,4.48,3.11,4.58,1.0,0,4.68,2.6,3.62
2013-Q3,FCC_E008,contractor,16.7,program_staff,Enforcement_Bureau,2,inventory,14,0,84.3,2,3.05,3.09,4.22,1.44,6.02,0,0,0,0,0,0,0,1.0,1.97,2.1,1.0,1.92,1.0,0,3.2,2.07,13.22
2013-Q3,FCC_E009,federal_employee,19.0,policy_analyst,Office_of_Managing_Director,3,inventory,11,0,84.3,2,2.43,1.62,1.0,1.62,10.0,1,0,0,0,0,0,0,2.36,1.0,1.36,1.0,1.29,1.32,0,4.28,3.57,1.09
2013-Q3,FCC_E010,contractor,20.4,policy_analyst,Office_of_Managing_Director,2,inventory,10,0,84.3,2,1.44,3.5,2.81,2.71,8.33,0,0,0,0,0,0,0,2.95,2.54,3.07,2.01,1.0,1.53,0,3.37,1.65,2.36
2013-Q3,FCC_E011,federal_employee,20.9,program_staff,Media_Bureau,3,inventory,11,0,84.3,2,2.13,2.65,1.0,2.19,10.0,0,0,0,0,0,0,0,2.15,2.98,3.7,1.7,2.01,1.63,0,2.14,2.82,2.38
2013-Q3,FCC_E012,contractor,19.8,administrative,Office_of_Communications,2,inventory,13,0,84.3,2,4.07,2.17,1.0,2.61,10.0,1,0,0,0,0,0,0,1.0,2.27,2.62,3.51,2.07,1.01,0,1.19,2.85,2.52
2013-Q3,FCC_E013,contractor,15.0,program_staff,Office_of_Communications,7,inventory,13,0,84.3,2,2.58,1.15,1.78,1.0,9.55,0,0,0,0,0,0,0,2.56,2.6,3.54,3.68,3.36,2.96,0,3.19,3.19,0.38
2013-Q3,FCC_E014,federal_employee,11.8,program_staff,Media_Bureau,2,inventory,13,0,84.3,2,1.03,2.33,3.59,2.34,7.66,1,0,0,0,0,0,0,2.99,2.86,2.16,1.18,1.33,1.0,0,1.43,3.86,5.07
2013-Q3,FCC_E015,federal_employee,6.5,IT_staff,Wireless_Telecommunications,3,inventory,12,0,84.3,2,4.36,1.87,1.23,2.53,9.17,0,0,0,0,0,0,0,2.16,2.49,2.58,2.59,3.5,4.33,0,2.61,4.5,7.9
2013-Q3,FCC_E016,federal_employee,22.1,administrative,Office_of_Legislative_Affairs,2,inventory,7,0,84.3,2,3.94,1.0,1.98,2.04,9.71,1,0,0,0,0,0,0,2.06,1.39,4.23,2.15,4.17,2.61,0,3.12,3.27,1.48
2013-Q3,FCC_E017,federal_employee,14.4,administrative,Office_of_Economics_Analytics,4,inventory,8,0,84.3,2,3.65,1.9,3.96,1.97,6.69,0,0,0,1,0,0,0,2.53,3.52,2.74,1.0,2.36,2.05,0,2.78,1.82,0.95
2013-Q3,FCC_E018,federal_employee,13.0,IT_staff,Office_of_General_Counsel,6,inventory,10,0,84.3,2,3.68,1.98,2.35,2.9,8.22,1,0,0,0,0,0,0,2.48,3.62,3.06,2.94,1.0,1.91,0,2.1,5.31,4.83
2013-Q3,FCC_E019,federal_employee,22.6,program_staff,International_Bureau,1,inventory,12,0,84.3,2,4.48,3.44,1.94,2.41,9.85,0,0,0,1,0,0,0,4.01,2.0,3.02,1.35,1.56,4.29,0,3.31,3.69,1.17
2013-Q3,FCC_E020,federal_employee,10.1,policy_analyst,Public_Safety,1,inventory,13,0,84.3,2,2.35,3.44,2.25,2.39,8.79,0,1,0,0,0,0,0,1.0,1.01,1.8,1.27,2.44,1.0,0,1.1,3.09,0.35
2013-Q3,FCC_E021,federal_employee,20.5,program_staff,Office_of_General_Counsel,3,inventory,8,0,84.3,2,1.09,2.33,3.86,1.98,7.85,1,1,0,0,0,0,0,3.02,1.34,2.53,5.41,1.0,1.0,0,1.59,1.0,1.34
2013-Q3,FCC_E022,federal_employee,17.3,IT_staff,Media_Bureau,3,inventory,6,0,84.3,2,2.09,4.15,1.0,2.68,9.86,1,0,0,0,0,0,0,2.13,1.81,2.04,1.05,2.77,1.0,1,4.55,1.46,0.69
2013-Q3,FCC_E023,federal_employee,9.3,administrative,Office_of_Communications,4,inventory,9,0,84.3,2,3.09,2.26,1.4,1.0,9.89,0,0,0,0,0,0,0,1.0,3.56,3.74,1.0,3.58,2.16,0,3.38,1.87,1.08
2013-Q3,FCC_E024,federal_employee,15.0,policy_analyst,Media_Bureau,5,inventory,12,0,84.3,2,2.51,1.36,1.4,1.79,9.85,1,0,0,0,0,0,0,2.33,2.79,2.92,1.48,1.0,1.92,1,2.48,4.42,0.23
2013-Q3,FCC_E025,federal_employee,21.3,program_staff,Administrative_Operations,2,inventory,9,0,84.3,2,4.69,3.68,2.88,2.59,7.61,1,0,0,0,0,0,0,1.78,4.12,1.0,3.03,1.52,3.21,0,2.93,3.61,3.86
2013-Q3,FCC_E026,contractor,20.0,field_operations,Office_of_Strategic_Planning,8,inventory,12,0,84.3,2,1.0,1.8,2.62,1.54,8.88,0,0,0,0,0,0,0,1.0,1.07,2.84,2.15,4.06,1.0,0,3.35,3.01,0.54
2013-Q3,FCC_E027,federal_employee,24.5,field_operations,Administrative_Operations,3,inventory,12,0,84.3,2,1.09,3.49,4.28,1.74,7.73,0,0,0,0,0,0,0,3.36,2.15,3.71,1.05,1.0,1.0,1,3.82,2.8,0.66
2013-Q3,FCC_E028,federal_employee,17.5,program_staff,Wireline_Competition,1,inventory,8,0,84.3,2,2.42,3.12,1.23,2.21,9.68,1,0,0,0,0,0,0,4.8,1.59,2.24,2.06,1.77,2.59,0,3.29,3.36,0.2
2013-Q3,FCC_E029,federal_employee,35.7,field_operations,Media_Bureau,2,inventory,10,0,84.3,2,1.51,2.16,1.68,1.77,8.72,1,0,0,0,0,0,0,2.9,3.6,2.59,1.0,1.82,1.57,0,2.39,1.85,2.1
2013-Q3,FCC_E030,federal_employee,10.0,program_staff,Office_of_Communications,2,inventory,12,0,84.3,2,2.66,3.55,2.98,1.26,9.39,0,0,0,0,0,0,0,3.86,4.28,1.0,2.0,3.88,5.26,1,2.86,2.92,4.61
2013-Q3,FCC_E031,federal_employee,13.1,administrative,Office_of_Managing_Director,4,inventory,13,0,84.3,2,3.18,1.05,1.82,1.06,9.4,0,0,0,0,0,0,0,2.31,1.0,1.52,2.46,2.56,1.0,0,3.63,3.21,1.74
2013-Q3,FCC_E032,federal_employee,15.1,administrative,International_Bureau,6,inventory,13,0,84.3,2,3.18,1.0,3.59,1.0,7.6,1,0,0,0,0,0,0,2.68,1.31,4.08,1.49,1.92,1.2,0,3.12,3.28,3.18
2013-Q3,FCC_E033,federal_employee,7.0,administrative,Wireless_Telecommunications,7,inventory,9,0,84.3,2,2.06,3.47,1.13,1.0,9.8,0,0,0,0,0,0,0,2.39,3.85,3.46,1.37,1.0,1.0,0,2.2,2.92,4.23
2013-Q3,FCC_E034,contractor,21.2,IT_staff,International_Bureau,6,inventory,6,0,84.3,2,2.98,3.97,2.56,2.37,8.17,0,0,0,0,0,0,0,2.19,3.16,3.44,2.14,3.94,3.47,0,4.24,1.86,4.96
2013-Q3,FCC_E035,contractor,20.5,field_operations,Wireless_Telecommunications,2,inventory,6,0,84.3,2,2.56,2.63,3.06,2.27,7.38,0,0,0,0,0,0,0,3.93,2.55,2.65,1.0,1.0,1.76,0,4.31,3.48,2.81
2013-Q3,FCC_E036,contractor,16.1,program_staff,Office_of_Strategic_Planning,5,inventory,14,0,84.3,2,1.0,1.93,2.03,2.06,9.14,0,0,0,0,0,0,0,5.05,3.09,2.56,2.17,2.27,3.41,0,2.1,1.11,0.53
2013-Q3,FCC_E037,federal_employee,12.3,IT_staff,Office_of_Communications,5,inventory,13,0,84.3,2,2.9,2.23,3.01,1.3,8.35,0,1,0,0,0,0,0,4.79,2.52,1.35,3.06,2.84,1.5,0,2.94,1.66,0.88
2013-Q3,FCC_E038,federal_employee,6.5,IT_staff,Office_of_General_Counsel,4,inventory,12,0,84.3,2,2.93,2.2,1.57,1.69,10.0,0,0,0,0,0,0,0,1.59,1.0,2.21,2.44,1.0,1.04,0,1.56,3.28,0.2
2013-Q3,FCC_E039,contractor,12.1,administrative,Consumer_Governmental_Affairs,4,inventory,8,0,84.3,2,1.2,1.79,1.99,2.46,9.86,1,0,0,0,0,0,0,1.0,2.51,3.15,2.94,3.38,1.0,0,3.5,3.22,3.04
2013-Q3,FCC_E040,federal_employee,20.0,field_operations,Media_Bureau,3,inventory,6,0,84.3,2,1.0,2.41,3.24,1.56,7.17,1,0,0,0,0,0,0,1.0,2.25,2.7,1.0,1.81,1.86,0,2.84,3.75,5.09
2013-Q3,FCC_E041,federal_employee,14.2,IT_staff,Office_of_Economics_Analytics,2,inventory,6,0,84.3,2,1.46,2.15,2.73,3.17,7.87,0,0,0,1,1,0,0,2.14,2.02,2.56,3.53,1.0,3.16,0,5.29,3.94,0.85
2013-Q3,FCC_E042,federal_employee,12.9,administrative,Wireless_Telecommunications,3,inventory,12,0,84.3,2,1.19,2.45,1.0,1.47,9.9,0,0,0,0,1,0,0,1.18,2.85,3.88,3.75,1.0,1.0,0,2.43,1.42,0.8
2013-Q3,FCC_E043,federal_employee,18.5,program_staff,Office_of_Communications,8,inventory,7,0,84.3,2,2.55,3.02,2.53,1.81,8.36,0,0,0,0,0,0,0,2.02,3.65,2.42,2.0,3.1,3.52,0,2.68,2.23,0.62
2013-Q3,FCC_E044,contractor,21.8,administrative,Office_of_Media_Relations,5,inventory,7,0,84.3,2,2.94,2.37,2.54,1.11,8.57,1,0,0,0,0,0,0,2.1,4.18,3.37,2.28,2.14,5.59,0,3.98,2.29,1.19
2013-Q3,FCC_E045,federal_employee,17.0,IT_staff,Office_of_Strategic_Planning,0,inventory,6,0,84.3,2,3.51,2.46,3.4,4.46,8.06,0,0,0,0,0,0,0,3.02,3.76,3.17,2.91,1.0,1.0,0,4.35,2.24,2.66
2013-Q3,FCC_E046,contractor,17.6,field_operations,Public_Safety,2,inventory,8,0,84.3,2,2.93,3.55,3.03,2.09,7.74,0,0,0,0,0,0,0,1.0,3.97,3.46,3.31,1.0,1.0,0,1.75,2.79,0.79
2013-Q3,FCC_E047,federal_employee,23.7,program_staff,Public_Safety,5,inventory,11,0,84.3,2,3.92,2.12,2.14,1.94,9.87,0,0,0,0,0,0,0,1.0,3.81,3.93,3.22,1.86,1.0,0,3.19,4.07,0.27
2013-Q3,FCC_E048,federal_employee,16.6,policy_analyst,Office_of_Workplace_Diversity,4,inventory,13,0,84.3,2,3.13,1.41,1.17,2.02,9.98,0,0,0,0,0,0,0,2.17,2.73,2.64,1.21,3.38,1.0,0,3.9,4.79,7.43
2013-Q3,FCC_E049,federal_employee,13.6,IT_staff,Office_of_General_Counsel,5,inventory,9,0,84.3,2,2.58,2.15,1.0,1.67,9.99,0,0,0,1,0,0,0,1.46,3.59,3.08,2.32,1.29,1.2,0,2.04,1.15,2.03
2013-Q3,FCC_E050,federal_employee,19.5,program_staff,Wireline_Competition,9,inventory,9,0,84.3,2,1.0,1.0,1.22,1.0,10.0,0,0,0,0,0,0,0,1.67,2.34,1.73,1.0,1.93,2.13,0,3.46,4.28,0.42
2013-Q3,FCC_E051,contractor,14.7,IT_staff,Wireless_Telecommunications,6,inventory,10,0,84.3,2,2.37,2.04,3.83,2.37,7.66,0,0,0,0,0,0,0,3.94,3.95,2.43,2.41,1.0,1.0,0,2.76,3.43,0.56
2013-Q3,FCC_E052,contractor,14.2,policy_analyst,Office_of_Chief_Information_Officer,3,inventory,9,0,84.3,2,4.32,2.66,1.89,1.75,8.83,1,0,0,0,0,0,0,1.42,1.7,2.47,3.57,2.6,1.0,0,2.62,2.3,0.5
2013-Q3,FCC_E053,contractor,22.4,policy_analyst,Wireless_Telecommunications,7,inventory,11,0,84.3,2,1.67,1.32,1.3,1.09,9.33,1,0,0,0,0,0,0,1.81,3.48,3.29,1.0,2.42,3.74,0,1.0,3.12,0.55
2013-Q3,FCC_E054,contractor,14.5,program_staff,Enforcement_Bureau,8,inventory,11,0,84.3,2,2.46,1.57,1.0,1.0,10.0,0,0,0,0,0,0,0,2.18,1.12,3.22,1.05,1.0,1.0,0,4.78,3.0,1.41
2013-Q3,FCC_E055,federal_employee,1.0,field_operations,Office_of_Communications,1,inventory,9,0,84.3,2,2.57,2.72,2.97,1.92,7.63,0,0,0,0,0,0,0,2.18,3.61,2.72,3.92,1.0,1.0,0,1.0,3.93,0.33
2013-Q4,FCC_E001,federal_employee,9.4,program_staff,Office_of_Communications,1,inventory,9,0,85.5,3,5.19,3.85,3.82,1.0,7.86,1,0,0,1,0,0,0,3.72,1.13,2.6,1.99,1.0,2.25,0,4.25,3.14,0.6
2013-Q4,FCC_E002,contractor,8.1,IT_staff,Office_of_Economics_Analytics,6,inventory,11,0,85.5,3,4.26,2.85,1.79,2.58,9.25,1,0,0,0,0,0,0,3.82,1.0,2.93,3.53,1.44,3.17,0,4.08,4.28,0.37
2013-Q4,FCC_E003,contractor,19.9,program_staff,Wireline_Competition,8,inventory,9,0,85.5,3,3.2,3.19,1.53,1.0,9.92,0,0,0,0,0,0,0,2.02,2.44,3.37,1.65,2.2,1.02,0,2.91,2.57,0.53
2013-Q4,FCC_E004,federal_employee,12.3,policy_analyst,Wireless_Telecommunications,5,inventory,11,0,85.5,3,3.96,3.1,1.66,1.55,9.71,0,0,0,0,0,0,0,2.4,1.87,3.61,3.02,1.0,1.98,0,1.38,3.15,0.2
2013-Q4,FCC_E005,federal_employee,7.4,program_staff,Office_of_Communications,7,inventory,11,0,85.5,3,1.82,2.48,1.6,1.71,9.36,0,0,0,0,0,0,0,1.73,4.12,4.94,2.06,4.25,1.57,0,3.52,1.0,6.83
2013-Q4,FCC_E006,federal_employee,10.2,administrative,Office_of_Media_Relations,7,inventory,12,0,85.5,3,2.02,1.97,2.09,1.0,8.74,0,0,0,0,0,0,0,3.08,3.58,2.44,2.07,1.65,2.29,0,2.03,2.61,1.66
2013-Q4,FCC_E007,federal_employee,8.7,field_operations,Enforcement_Bureau,7,inventory,8,0,85.5,3,2.32,1.98,3.33,1.0,8.83,0,0,0,0,0,0,0,2.34,1.64,3.07,3.08,1.23,2.77,0,5.64,3.13,0.2
2013-Q4,FCC_E008,contractor,16.7,program_staff,Enforcement_Bureau,2,inventory,11,0,85.5,3,2.13,3.3,2.83,1.22,8.29,0,0,0,1,0,0,0,2.41,2.74,3.04,2.65,2.98,2.9,0,5.38,1.94,0.31
2013-Q4,FCC_E009,federal_employee,19.0,policy_analyst,Office_of_Managing_Director,3,inventory,9,0,85.5,3,3.59,4.08,1.34,2.5,10.0,0,0,0,0,0,0,0,3.93,2.5,3.99,5.72,2.45,1.16,0,4.07,4.1,0.35
2013-Q4,FCC_E010,contractor,20.4,policy_analyst,Office_of_Managing_Director,2,inventory,11,0,85.5,3,4.52,1.56,4.75,1.36,5.99,1,0,0,0,0,0,0,2.12,3.24,4.51,2.48,1.95,2.73,0,2.53,2.47,2.91
2013-Q4,FCC_E011,federal_employee,20.9,program_staff,Media_Bureau,3,inventory,8,0,85.5,3,3.94,3.22,2.59,3.09,8.57,0,0,0,0,0,0,0,1.64,1.05,2.92,1.0,2.05,1.0,0,4.72,3.52,1.46
2013-Q4,FCC_E012,contractor,19.8,administrative,Office_of_Communications,2,inventory,9,0,85.5,3,2.04,2.89,1.68,4.1,10.0,2,0,0,1,0,0,0,3.22,3.05,3.28,2.46,1.39,1.8,0,3.22,5.17,0.2
2013-Q4,FCC_E013,contractor,15.0,program_staff,Office_of_Communications,7,inventory,8,0,85.5,3,1.9,2.49,2.42,1.0,8.61,2,0,0,0,0,0,0,3.91,1.64,2.61,3.2,3.25,2.76,0,2.63,4.97,4.31
2013-Q4,FCC_E014,federal_employee,11.8,program_staff,Media_Bureau,2,inventory,12,0,85.5,3,4.04,4.12,2.34,1.88,8.4,0,0,1,0,0,0,0,2.17,1.7,2.21,1.0,1.14,3.01,0,4.72,3.7,0.49
2013-Q4,FCC_E015,federal_employee,6.5,IT_staff,Wireless_Telecommunications,3,inventory,10,0,85.5,3,5.04,3.53,3.76,2.9,7.38,1,0,0,0,0,0,0,3.3,2.37,1.7,2.41,2.35,1.0,0,3.89,1.76,4.61
2013-Q4,FCC_E016,federal_employee,22.1,administrative,Office_of_Legislative_Affairs,2,inventory,7,0,85.5,3,2.66,1.63,1.85,4.86,8.77,1,0,0,0,0,0,0,1.54,2.71,4.12,2.93,2.4,1.93,0,3.75,2.34,0.36
2013-Q4,FCC_E017,federal_employee,14.4,administrative,Office_of_Economics_Analytics,4,inventory,12,0,85.5,3,2.22,1.75,2.14,1.0,9.38,1,0,0,0,0,0,0,3.06,1.0,3.14,2.84,1.47,1.0,0,2.48,3.43,10.13
2013-Q4,FCC_E018,federal_employee,13.0,IT_staff,Office_of_General_Counsel,6,inventory,11,0,85.5,3,2.37,3.64,1.03,1.49,9.45,0,0,0,1,1,0,0,4.98,3.57,1.1,1.28,1.0,2.8,0,3.39,2.79,0.2
2013-Q4,FCC_E019,federal_employee,22.6,program_staff,International_Bureau,1,inventory,14,0,85.5,3,4.39,3.31,2.59,3.14,7.69,0,0,0,0,0,0,0,4.05,1.56,5.31,1.6,1.0,2.15,0,4.03,3.45,0.91
2013-Q4,FCC_E020,federal_employee,10.1,policy_analyst,Public_Safety,1,inventory,6,0,85.5,3,2.79,3.02,2.76,1.29,8.37,0,0,0,0,0,0,0,2.41,2.7,1.86,2.87,5.93,1.32,0,4.02,3.53,1.03
2013-Q4,FCC_E021,federal_employee,20.5,program_staff,Office_of_General_Counsel,3,inventory,9,0,85.5,3,4.13,3.45,1.0,3.9,10.0,0,0,0,0,0,0,0,1.0,3.37,2.98,1.0,1.0,3.25,0,2.71,3.34,2.54
2013-Q4,FCC_E022,federal_employee,17.3,IT_staff,Media_Bureau,3,inventory,7,0,85.5,3,3.88,4.1,3.94,3.39,7.27,0,0,0,0,0,0,0,3.04,2.55,1.72,2.41,2.61,4.38,0,3.88,2.64,0.72
2013-Q4,FCC_E023,federal_employee,9.3,administrative,Office_of_Communications,4,inventory,7,0,85.5,3,3.05,2.74,3.29,1.13,6.78,0,0,0,0,0,0,0,3.99,2.24,3.91,3.12,4.01,1.52,0,2.44,2.19,0.51
2013-Q4,FCC_E024,federal_employee,15.0,policy_analyst,Media_Bureau,5,inventory,9,0,85.5,3,2.87,2.22,2.41,1.44,8.37,0,0,1,0,0,0,0,1.49,1.98,2.4,3.32,2.89,3.21,0,3.12,2.73,1.88
2013-Q4,FCC_E025,federal_employee,21.3,program_staff,Administrative_Operations,2,inventory,8,0,85.5,3,2.32,4.45,5.13,1.18,5.03,0,0,0,0,0,0,0,1.76,5.29,3.3,1.08,1.95,1.0,0,2.54,4.06,3.45
2013-Q4,FCC_E026,contractor,20.0,field_operations,Office_of_Strategic_Planning,8,inventory,12,0,85.5,3,3.05,1.15,1.11,1.0,9.04,0,0,0,0,0,0,0,3.61,4.61,6.56,1.62,2.63,1.78,0,3.84,4.47,0.95
2013-Q4,FCC_E027,federal_employee,24.5,field_operations,Administrative_Operations,3,inventory,11,0,85.5,3,3.67,4.15,1.81,3.19,9.13,0,0,0,0,0,0,0,2.08,4.39,3.51,2.79,1.0,1.0,0,3.85,3.84,0.8
2013-Q4,FCC_E028,federal_employee,17.5,program_staff,Wireline_Competition,1,inventory,13,0,85.5,3,4.7,3.83,2.19,2.89,8.44,0,0,0,0,0,0,0,1.96,4.94,2.75,1.0,3.44,3.19,0,4.54,5.07,0.97
2013-Q4,FCC_E029,federal_employee,35.7,field_operations,Media_Bureau,2,inventory,13,0,85.5,3,2.71,2.94,1.0,4.23,10.0,1,0,0,0,0,0,0,3.55,5.1,3.01,1.99,1.91,1.0,0,4.96,3.91,7.1
2013-Q4,FCC_E030,federal_employee,10.0,program_staff,Office_of_Communications,2,inventory,12,0,85.5,3,2.37,5.2,4.69,1.31,6.69,0,0,0,0,0,0,0,1.3,1.89,2.37,2.14,1.6,1.94,0,3.32,1.62,0.64
2013-Q4,FCC_E031,federal_employee,13.1,administrative,Office_of_Managing_Director,4,inventory,6,0,85.5,3,3.0,4.43,3.26,1.01,8.23,2,0,0,0,0,0,0,3.09,1.62,5.38,1.55,1.76,1.0,0,3.37,4.56,0.51
2013-Q4,FCC_E032,federal_employee,15.1,administrative,International_Bureau,6,inventory,14,0,85.5,3,2.68,3.64,1.0,1.0,10.0,0,1,0,1,0,0,0,1.77,1.59,3.74,1.0,1.18,1.0,0,4.55,2.92,0.44
2013-Q4,FCC_E033,federal_employee,7.0,administrative,Wireless_Telecommunications,7,inventory,7,0,85.5,3,1.0,1.64,2.91,1.0,7.46,0,0,1,0,0,0,0,1.31,5.5,2.64,2.17,4.14,1.74,1,4.38,3.61,0.49
2013-Q4,FCC_E034,contractor,21.2,IT_staff,International_Bureau,6,inventory,7,0,85.5,3,2.48,4.15,3.0,1.33,7.32,0,1,0,0,0,0,0,5.51,2.61,2.08,2.58,1.72,2.75,0,3.38,1.0,0.98
2013-Q4,FCC_E035,contractor,20.5,field_operations,Wireless_Telecommunications,2,inventory,10,0,85.5,3,2.41,2.81,2.8,2.42,7.21,0,0,0,0,0,0,0,2.5,2.81,3.94,3.8,1.22,2.28,0,3.01,2.41,5.72
2013-Q4,FCC_E036,contractor,16.1,program_staff,Office_of_Strategic_Planning,5,inventory,13,0,85.5,3,2.72,2.29,2.63,1.0,8.1,1,0,0,1,0,0,0,1.56,1.92,4.27,1.44,3.2,1.0,0,3.11,4.2,1.45
2013-Q4,FCC_E037,federal_employee,12.3,IT_staff,Office_of_Communications,5,inventory,8,0,85.5,3,4.93,4.69,3.53,1.67,7.21,0,0,0,0,1,0,0,2.45,3.9,3.7,2.38,1.0,1.04,0,4.02,3.47,1.88
2013-Q4,FCC_E038,federal_employee,6.5,IT_staff,Office_of_General_Counsel,4,inventory,6,0,85.5,3,3.69,2.61,5.63,1.0,5.38,1,1,0,1,0,0,0,3.01,4.58,3.65,3.95,4.69,1.85,0,4.26,3.01,2.49
2013-Q4,FCC_E039,contractor,12.1,administrative,Consumer_Governmental_Affairs,4,inventory,13,0,85.5,3,1.3,3.46,2.86,1.0,7.56,1,0,0,0,0,0,0,2.49,2.44,3.67,5.07,1.0,2.5,0,4.0,3.58,1.81
2013-Q4,FCC_E040,federal_employee,20.0,field_operations,Media_Bureau,3,inventory,10,0,85.5,3,1.43,2.41,2.48,2.36,8.57,1,0,0,0,0,0,0,2.18,5.15,2.41,1.68,1.87,1.72,0,5.11,3.54,0.2
2013-Q4,FCC_E041,federal_employee,14.2,IT_staff,Office_of_Economics_Analytics,2,inventory,9,0,85.5,3,3.06,4.52,3.9,2.99,7.58,0,0,0,0,0,0,0,4.38,2.39,1.92,2.37,4.02,3.44,0,2.24,3.0,0.43
2013-Q4,FCC_E042,federal_employee,12.9,administrative,Wireless_Telecommunications,3,inventory,11,0,85.5,3,2.73,2.57,4.89,2.83,4.89,0,0,0,0,0,0,0,1.41,3.62,4.84,2.3,2.9,3.8,1,4.65,1.3,1.12
2013-Q4,FCC_E043,federal_employee,18.5,program_staff,Office_of_Communications,8,inventory,8,0,85.5,3,2.2,2.69,1.67,1.1,9.12,0,0,0,0,0,0,0,1.0,2.72,2.47,1.0,2.49,1.06,0,3.26,2.67,1.07
2013-Q4,FCC_E044,contractor,21.8,administrative,Office_of_Media_Relations,5,inventory,10,0,85.5,3,2.58,3.25,1.2,2.59,8.83,0,0,0,0,0,0,0,2.52,3.99,3.5,2.42,2.25,1.79,0,3.3,2.79,2.22
2013-Q4,FCC_E045,federal_employee,17.0,IT_staff,Office_of_Strategic_Planning,0,inventory,11,0,85.5,3,2.89,2.91,2.99,3.61,8.17,0,0,0,0,0,0,0,3.78,3.15,2.86,2.58,1.0,2.97,0,4.0,2.66,2.09
2013-Q4,FCC_E046,contractor,17.6,field_operations,Public_Safety,2,inventory,7,0,85.5,3,2.2,4.34,3.32,2.67,8.16,0,0,0,0,0,0,0,1.54,1.43,3.47,2.02,1.24,2.69,0,1.91,3.91,3.56
2013-Q4,FCC_E047,federal_employee,23.7,program_staff,Public_Safety,5,inventory,14,0,85.5,3,3.05,2.58,2.47,1.62,8.34,1,0,0,0,0,0,0,1.21,3.8,3.07,3.68,4.58,2.23,0,3.94,3.57,8.07
2013-Q4,FCC_E048,federal_employee,16.6,policy_analyst,Office_of_Workplace_Diversity,4,inventory,8,0,85.5,3,3.11,2.86,1.3,2.14,10.0,3,0,0,0,0,0,0,1.77,4.63,3.35,2.49,1.0,2.84,0,3.5,4.33,1.86
2013-Q4,FCC_E049,federal_employee,13.6,IT_staff,Office_of_General_Counsel,5,inventory,7,0,85.5,3,2.56,4.02,2.33,3.2,9.74,0,0,0,1,0,0,0,3.31,2.25,3.68,1.85,1.0,1.73,1,4.35,2.67,0.91
2013-Q4,FCC_E050,federal_employee,19.5,program_staff,Wireline_Competition,9,inventory,9,0,85.5,3,1.72,3.5,3.08,1.0,7.19,0,0,0,0,0,0,0,3.89,1.69,4.64,4.29,1.67,2.01,0,4.76,3.26,0.59
2013-Q4,FCC_E051,contractor,14.7,IT_staff,Wireless_Telecommunications,6,inventory,14,0,85.5,3,3.91,2.96,3.93,2.89,6.73,0,1,0,0,0,0,0,3.86,3.24,1.36,3.67,1.0,3.33,0,1.9,3.31,1.32
2013-Q4,FCC_E052,contractor,14.2,policy_analyst,Office_of_Chief_Information_Officer,3,inventory,13,0,85.5,3,4.16,3.27,2.98,2.59,8.6,0,0,1,0,0,0,0,2.3,3.52,2.54,3.65,1.63,2.36,0,2.75,2.9,2.19
2013-Q4,FCC_E053,contractor,22.4,policy_analyst,Wireless_Telecommunications,7,inventory,9,0,85.5,3,3.29,3.76,2.14,1.6,7.92,0,0,0,0,0,0,0,1.99,3.79,3.94,2.88,1.52,1.0,0,3.27,3.11,1.01
2013-Q4,FCC_E054,contractor,14.5,program_staff,Enforcement_Bureau,8,inventory,10,0,85.5,3,1.74,1.9,2.11,2.22,9.32,0,0,0,1,0,0,0,2.17,5.0,1.83,2.56,2.55,2.79,0,2.59,3.34,0.27
2013-Q4,FCC_E055,federal_employee,1.0,field_operations,Office_of_Communications,1,inventory,9,0,85.5,3,1.0,1.51,5.81,2.16,6.25,1,0,0,0,0,0,0,1.45,1.0,3.84,2.15,1.0,1.88,0,3.37,3.22,5.23
2014-Q1,FCC_E001,federal_employee,9.4,program_staff,Office_of_Communications,1,consolidation,10,0,80.2,2,2.77,2.87,4.49,6.67,6.75,0,0,1,0,0,0,0,3.82,1.78,3.81,2.81,3.04,2.89,0,3.86,3.67,0.57
2014-Q1,FCC_E002,contractor,8.1,IT_staff,Office_of_Economics_Analytics,6,consolidation,7,0,80.2,2,4.19,1.95,2.04,4.33,9.32,3,0,0,0,0,0,1,3.32,1.03,3.97,3.41,2.16,3.38,0,3.21,3.4,1.15
2014-Q1,FCC_E003,contractor,19.9,program_staff,Wireline_Competition,8,consolidation,7,0,80.2,2,3.1,4.26,3.18,3.24,7.38,4,0,0,0,0,1,0,5.08,3.53,4.92,2.82,2.43,2.2,0,1.95,4.7,3.2
2014-Q1,FCC_E004,federal_employee,12.3,policy_analyst,Wireless_Telecommunications,5,consolidation,6,0,80.2,2,1.86,4.1,6.02,1.38,5.9,3,0,0,0,0,1,0,3.3,3.42,1.88,3.66,1.2,1.92,0,2.88,4.47,0.17
2014-Q1,FCC_E005,federal_employee,7.4,program_staff,Office_of_Communications,7,consolidation,12,0,80.2,2,1.5,5.41,1.88,1.0,9.02,3,0,0,1,1,0,0,3.18,5.66,3.12,5.25,3.7,4.66,0,4.79,3.29,0.59
2014-Q1,FCC_E006,federal_employee,10.2,administrative,Office_of_Media_Relations,7,consolidation,10,0,80.2,2,1.71,3.32,2.36,1.0,9.51,6,1,0,0,0,0,1,3.84,2.95,3.69,2.17,1.0,1.0,0,4.1,4.94,0.32
2014-Q1,FCC_E007,federal_employee,8.7,field_operations,Enforcement_Bureau,7,consolidation,9,0,80.2,2,1.23,4.87,1.2,2.6,9.45,0,1,1,0,0,0,0,1.0,3.77,2.66,3.29,4.38,2.05,0,4.35,4.11,0.1
2014-Q1,FCC_E008,contractor,16.7,program_staff,Enforcement_Bureau,2,consolidation,14,0,80.2,2,6.54,5.22,1.81,2.85,8.8,1,0,0,1,0,0,0,1.97,2.11,3.87,2.89,3.96,3.17,1,3.48,3.6,0.46
2014-Q1,FCC_E009,federal_employee,19.0,policy_analyst,Office_of_Managing_Director,3,consolidation,8,0,80.2,2,3.25,5.3,2.23,4.25,8.65,0,1,0,0,0,0,1,2.47,4.94,1.6,1.73,3.02,1.95,1,4.01,4.04,5.56
2014-Q1,FCC_E010,contractor,20.4,policy_analyst,Office_of_Managing_Director,2,consolidation,7,0,80.2,2,3.0,4.59,3.03,2.69,8.94,5,0,0,1,0,0,0,1.04,3.72,5.13,3.22,1.79,1.0,0,4.37,4.65,2.05
2014-Q1,FCC_E011,federal_employee,20.9,program_staff,Media_Bureau,3,consolidation,11,0,80.2,2,2.35,4.19,3.27,2.12,7.69,4,0,0,0,0,0,0,1.0,2.4,2.71,1.21,1.49,2.59,0,3.09,6.77,0.34
2014-Q1,FCC_E012,contractor,19.8,administrative,Office_of_Communications,2,consolidation,6,0,80.2,2,4.4,5.04,4.29,4.75,6.55,2,1,1,0,0,0,0,3.08,2.55,3.56,3.42,1.74,1.0,1,3.84,4.77,1.11
2014-Q1,FCC_E013,contractor,15.0,program_staff,Office_of_Communications,7,consolidation,6,0,80.2,2,3.82,4.11,2.85,3.49,7.8,1,0,0,1,0,0,0,5.26,3.96,3.72,3.14,4.76,2.13,0,2.34,4.43,0.1
2014-Q1,FCC_E014,federal_employee,11.8,program_staff,Media_Bureau,2,consolidation,7,0,80.2,2,1.76,3.42,3.72,3.28,8.37,2,1,0,0,0,0,1,4.81,2.74,4.01,1.01,1.75,1.0,0,3.85,5.04,0.27
2014-Q1,FCC_E015,federal_employee,6.5,IT_staff,Wireless_Telecommunications,3,consolidation,14,0,80.2,2,5.16,5.92,2.46,1.63,9.04,4,0,0,0,0,0,0,4.88,3.29,2.09,3.1,3.92,2.18,0,4.03,3.32,1.0
2014-Q1,FCC_E016,federal_employee,22.1,administrative,Office_of_Legislative_Affairs,2,consolidation,7,0,80.2,2,3.37,6.37,4.45,4.91,5.81,0,0,1,0,0,0,1,2.98,4.59,1.96,2.1,2.73,1.25,0,5.71,4.52,0.12
2014-Q1,FCC_E017,federal_employee,14.4,administrative,Office_of_Economics_Analytics,4,consolidation,11,0,80.2,2,2.86,4.43,1.89,6.99,9.63,0,0,0,0,0,1,0,3.25,4.76,3.66,2.9,3.7,2.67,0,4.11,3.99,0.53
2014-Q1,FCC_E018,federal_employee,13.0,IT_staff,Office_of_General_Counsel,6,consolidation,9,0,80.2,2,4.52,5.02,2.71,1.82,8.66,1,0,0,1,0,0,0,6.02,3.0,3.44,4.17,2.67,4.4,0,5.81,4.09,1.3
2014-Q1,FCC_E019,federal_employee,22.6,program_staff,International_Bureau,1,consolidation,14,0,80.2,2,2.97,4.09,3.13,7.98,8.42,3,0,0,1,0,0,0,2.24,1.73,5.08,2.14,3.08,2.84,0,3.01,3.63,2.91
2014-Q1,FCC_E020,federal_employee,10.1,policy_analyst,Public_Safety,1,consolidation,12,0,80.2,2,3.9,4.48,4.89,5.79,6.05,3,0,0,0,0,0,0,2.55,2.12,3.24,1.54,2.5,2.02,0,2.26,4.02,0.26
2014-Q1,FCC_E021,federal_employee,20.5,program_staff,Office_of_General_Counsel,3,consolidation,10,0,80.2,2,4.43,4.45,3.58,1.36,7.76,1,0,0,1,0,0,1,5.81,1.51,4.53,1.0,1.61,1.9,0,5.94,5.18,0.3
2014-Q1,FCC_E022,federal_employee,17.3,IT_staff,Media_Bureau,3,consolidation,11,0,80.2,2,2.59,4.55,5.11,1.99,6.26,1,0,0,0,0,0,1,3.27,3.99,4.79,1.48,1.0,5.5,0,4.52,2.85,0.17
2014-Q1,FCC_E023,federal_employee,9.3,administrative,Office_of_Communications,4,consolidation,12,0,80.2,2,3.57,4.55,2.09,4.2,8.98,1,0,1,0,0,0,0,3.84,6.42,2.52,2.69,2.89,1.76,0,3.71,1.0,1.52
2014-Q1,FCC_E024,federal_employee,15.0,policy_analyst,Media_Bureau,5,consolidation,9,0,80.2,2,4.33,3.8,3.99,5.81,6.81,1,0,0,0,0,0,0,4.06,3.92,2.81,2.92,2.98,1.27,0,3.62,2.1,1.1
2014-Q1,FCC_E025,federal_employee,21.3,program_staff,Administrative_Operations,2,consolidation,9,0,80.2,2,2.41,4.56,4.31,7.89,6.49,1,1,0,0,0,1,0,4.53,1.51,2.91,1.0,4.98,2.16,0,5.97,3.38,0.4
2014-Q1,FCC_E026,contractor,20.0,field_operations,Office_of_Strategic_Planning,8,consolidation,13,0,80.2,2,4.07,2.79,3.14,3.29,7.81,3,0,0,0,0,0,0,2.6,3.4,4.81,2.47,4.36,1.0,0,4.53,3.6,0.84
2014-Q1,FCC_E027,federal_employee,24.5,field_operations,Administrative_Operations,3,consolidation,7,0,80.2,2,1.91,3.95,2.92,7.56,6.74,2,0,0,0,0,0,1,1.6,3.63,3.48,3.57,1.52,1.33,0,5.47,4.26,1.35
2014-Q1,FCC_E028,federal_employee,17.5,program_staff,Wireline_Competition,1,consolidation,7,0,80.2,2,4.45,4.86,3.35,4.56,7.21,2,0,0,0,0,0,1,2.39,4.27,2.55,3.59,2.84,3.43,0,5.59,3.09,0.6
2014-Q1,FCC_E029,federal_employee,35.7,field_operations,Media_Bureau,2,consolidation,10,0,80.2,2,3.2,3.15,4.05,5.17,7.25,3,0,0,0,1,1,0,4.17,1.01,2.77,4.56,3.46,1.75,0,3.28,1.85,1.62
2014-Q1,FCC_E030,federal_employee,10.0,program_staff,Office_of_Communications,2,consolidation,8,0,80.2,2,4.41,4.07,1.73,2.6,9.55,2,0,0,0,0,0,0,4.6,4.52,4.56,4.79,2.21,1.81,0,3.92,3.98,0.8
2014-Q1,FCC_E031,federal_employee,13.1,administrative,Office_of_Managing_Director,4,consolidation,11,0,80.2,2,4.53,5.23,1.96,6.25,9.7,0,0,0,0,0,0,0,3.54,4.94,2.79,4.66,4.36,1.62,1,2.73,3.42,0.1
2014-Q1,FCC_E032,federal_employee,15.1,administrative,International_Bureau,6,consolidation,8,0,80.2,2,2.77,4.08,3.98,1.0,7.71,1,0,1,0,0,0,0,4.12,3.41,2.4,2.66,2.09,3.47,1,4.08,2.7,0.93
2014-Q1,FCC_E033,federal_employee,7.0,administrative,Wireless_Telecommunications,7,consolidation,7,0,80.2,2,3.16,4.58,3.47,5.44,7.1,1,0,0,1,0,0,0,1.58,3.51,4.8,1.0,2.08,1.96,0,3.46,5.36,1.22
2014-Q1,FCC_E034,contractor,21.2,IT_staff,International_Bureau,6,consolidation,6,0,80.2,2,5.42,2.44,3.26,4.5,6.92,4,1,0,0,1,0,0,2.81,3.35,3.06,1.81,1.58,3.16,0,3.08,1.0,0.77
2014-Q1,FCC_E035,contractor,20.5,field_operations,Wireless_Telecommunications,2,consolidation,10,0,80.2,2,4.13,2.86,2.7,4.92,8.06,2,0,1,0,0,0,0,1.96,1.15,3.59,3.51,1.0,5.48,0,4.61,3.93,0.5
2014-Q1,FCC_E036,contractor,16.1,program_staff,Office_of_Strategic_Planning,5,consolidation,8,0,80.2,2,1.42,3.29,2.03,2.35,8.84,1,0,0,0,0,0,0,1.6,3.56,2.79,2.26,3.16,2.04,0,2.34,5.0,0.81
2014-Q1,FCC_E037,federal_employee,12.3,IT_staff,Office_of_Communications,5,consolidation,13,0,80.2,2,2.8,5.65,2.04,4.43,8.51,3,0,0,1,0,1,0,4.06,1.99,5.02,3.39,2.12,1.0,0,5.02,3.21,0.1
2014-Q1,FCC_E038,federal_employee,6.5,IT_staff,Office_of_General_Counsel,4,consolidation,9,0,80.2,2,3.98,4.58,4.55,4.78,5.83,1,1,0,0,0,0,1,3.43,3.76,4.74,2.41,3.35,2.05,0,5.24,2.46,0.42
2014-Q1,FCC_E039,contractor,12.1,administrative,Consumer_Governmental_Affairs,4,consolidation,11,0,80.2,2,2.69,4.17,4.44,1.89,7.51,3,0,0,0,0,0,1,3.21,2.91,4.63,2.0,3.44,2.85,0,5.39,5.88,0.1
2014-Q1,FCC_E040,federal_employee,20.0,field_operations,Media_Bureau,3,consolidation,10,0,80.2,2,2.45,5.21,2.75,1.57,7.37,2,0,1,0,0,0,1,3.05,4.75,5.14,2.93,1.86,2.55,0,2.77,2.84,0.66
2014-Q1,FCC_E041,federal_employee,14.2,IT_staff,Office_of_Economics_Analytics,2,consolidation,12,0,80.2,2,2.01,5.53,3.89,5.91,7.04,0,1,0,1,0,0,0,5.3,3.81,3.55,3.44,3.89,3.21,0,3.13,6.34,0.94
2014-Q1,FCC_E042,federal_employee,12.9,administrative,Wireless_Telecommunications,3,consolidation,12,0,80.2,2,5.31,3.79,1.86,2.04,8.58,0,0,0,0,0,0,1,2.62,4.29,3.13,1.89,4.14,1.91,1,2.89,4.14,1.73
2014-Q1,FCC_E043,federal_employee,18.5,program_staff,Office_of_Communications,8,consolidation,9,0,80.2,2,3.02,4.29,1.21,1.0,10.0,4,0,0,1,0,0,0,5.71,2.16,3.24,4.49,3.79,1.0,0,3.68,2.36,0.52
2014-Q1,FCC_E044,contractor,21.8,administrative,Office_of_Media_Relations,5,consolidation,13,0,80.2,2,3.94,4.39,3.3,6.88,7.84,0,0,0,0,0,0,1,1.91,1.8,4.73,2.89,3.79,3.12,0,2.0,2.68,0.1
2014-Q1,FCC_E045,federal_employee,17.0,IT_staff,Office_of_Strategic_Planning,0,consolidation,12,0,80.2,2,4.75,6.14,3.95,8.51,6.56,6,0,0,0,0,0,1,2.62,2.07,1.73,3.31,2.61,3.81,0,4.61,1.23,0.53
2014-Q1,FCC_E046,contractor,17.6,field_operations,Public_Safety,2,consolidation,7,0,80.2,2,4.64,4.06,3.29,4.34,7.14,2,1,0,0,0,1,1,2.52,1.31,4.4,2.54,3.62,2.83,0,3.72,2.79,1.73
2014-Q1,FCC_E047,federal_employee,23.7,program_staff,Public_Safety,5,consolidation,9,0,80.2,2,2.44,3.74,2.16,1.0,8.35,3,0,1,0,0,0,1,4.77,2.62,1.45,4.25,4.66,3.22,0,2.46,4.01,0.11
2014-Q1,FCC_E048,federal_employee,16.6,policy_analyst,Office_of_Workplace_Diversity,4,consolidation,8,0,80.2,2,3.66,4.34,2.64,4.12,8.33,0,1,1,1,0,0,1,4.1,2.45,4.16,2.88,5.63,2.18,0,3.66,4.42,0.26
2014-Q1,FCC_E049,federal_employee,13.6,IT_staff,Office_of_General_Counsel,5,consolidation,8,0,80.2,2,1.81,5.26,2.12,4.66,9.3,3,0,1,0,0,0,0,4.55,4.28,1.54,1.53,2.36,2.66,0,3.23,2.53,1.69
2014-Q1,FCC_E050,federal_employee,19.5,program_staff,Wireline_Competition,9,consolidation,14,0,80.2,2,3.63,5.3,2.15,2.03,8.9,1,0,0,0,0,0,1,3.41,1.0,3.49,3.22,2.0,1.84,0,4.4,2.99,0.1
2014-Q1,FCC_E051,contractor,14.7,IT_staff,Wireless_Telecommunications,6,consolidation,8,0,80.2,2,2.87,2.69,3.33,5.11,7.82,1,0,1,0,0,0,0,3.71,4.15,4.52,3.14,1.0,3.42,0,5.15,2.75,0.85
2014-Q1,FCC_E052,contractor,14.2,policy_analyst,Office_of_Chief_Information_Officer,3,consolidation,8,0,80.2,2,4.66,4.77,3.33,4.97,7.93,1,0,0,0,0,0,0,2.5,5.22,2.81,5.17,4.44,2.98,0,4.8,4.51,0.59
2014-Q1,FCC_E053,contractor,22.4,policy_analyst,Wireless_Telecommunications,7,consolidation,11,0,80.2,2,1.69,3.93,1.0,5.63,10.0,3,0,0,0,0,1,0,3.79,4.68,3.78,2.33,3.83,1.89,0,3.91,3.53,1.7
2014-Q1,FCC_E054,contractor,14.5,program_staff,Enforcement_Bureau,8,consolidation,9,0,80.2,2,2.72,3.62,2.58,2.62,8.53,1,1,0,0,0,0,1,3.63,5.7,2.59,1.81,1.13,2.63,0,2.99,3.39,0.65
2014-Q1,FCC_E055,federal_employee,1.0,field_operations,Office_of_Communications,1,consolidation,8,0,80.2,2,3.51,4.28,3.9,5.73,5.82,2,0,0,0,0,0,0,1.89,3.95,5.33,4.38,4.95,2.77,0,3.21,4.98,0.1
2014-Q2,FCC_E001,federal_employee,9.4,program_staff,Office_of_Communications,1,consolidation,11,0,79.1,2,4.23,4.46,1.74,6.86,9.65,2,0,0,0,0,0,1,2.52,2.84,1.41,3.88,2.96,2.79,0,4.55,4.49,0.27
2014-Q2,FCC_E002,contractor,8.1,IT_staff,Office_of_Economics_Analytics,6,consolidation,7,0,79.1,2,3.3,5.11,3.54,4.05,7.53,3,0,1,1,0,0,0,3.65,2.99,5.35,4.34,2.59,2.38,0,4.77,3.51,0.21
2014-Q2,FCC_E003,contractor,19.9,program_staff,Wireline_Competition,8,consolidation,10,0,79.1,2,3.51,6.39,1.73,4.79,8.96,1,0,0,1,0,0,0,2.04,4.48,4.11,1.0,4.23,5.71,0,4.11,1.0,0.57
2014-Q2,FCC_E004,federal_employee,12.3,policy_analyst,Wireless_Telecommunications,5,consolidation,10,0,79.1,2,4.94,6.02,5.24,6.52,5.71,0,0,0,0,0,0,2,2.85,5.12,4.38,1.0,2.1,1.0,1,3.82,4.44,1.69
2014-Q2,FCC_E005,federal_employee,7.4,program_staff,Office_of_Communications,7,consolidation,11,0,79.1,2,4.08,4.11,1.74,5.94,9.52,0,1,0,0,0,0,1,2.24,3.19,3.41,5.93,1.52,1.91,0,3.45,2.36,2.05
2014-Q2,FCC_E006,federal_employee,10.2,administrative,Office_of_Media_Relations,7,consolidation,9,0,79.1,2,3.7,5.58,3.24,5.02,8.63,2,0,0,0,0,0,0,3.32,1.0,4.42,3.44,2.27,3.46,0,4.99,4.36,2.84
2014-Q2,FCC_E007,federal_employee,8.7,field_operations,Enforcement_Bureau,7,consolidation,7,0,79.1,2,3.88,5.01,3.07,2.9,7.51,1,0,1,0,0,0,1,3.62,3.78,3.69,3.79,2.86,2.77,0,5.02,4.32,2.37
2014-Q2,FCC_E008,contractor,16.7,program_staff,Enforcement_Bureau,2,consolidation,12,0,79.1,2,4.0,5.25,5.12,3.76,5.76,2,0,0,0,0,0,0,2.4,4.44,4.44,3.61,2.74,2.44,1,4.15,2.97,2.03
2014-Q2,FCC_E009,federal_employee,19.0,policy_analyst,Office_of_Managing_Director,3,consolidation,13,0,79.1,2,3.64,4.02,4.42,7.83,6.73,3,0,0,1,0,0,1,4.7,2.8,5.62,2.92,2.62,2.0,1,3.79,4.95,1.19
2014-Q2,FCC_E010,contractor,20.4,policy_analyst,Office_of_Managing_Director,2,consolidation,13,0,79.1,2,4.47,6.06,4.52,2.91,5.13,5,1,0,1,0,0,1,3.02,6.72,5.13,3.26,2.14,2.71,0,4.28,5.46,0.25
2014-Q2,FCC_E011,federal_employee,20.9,program_staff,Media_Bureau,3,consolidation,7,0,79.1,2,4.34,4.98,3.8,5.21,6.71,4,0,0,0,0,0,1,4.24,3.07,3.39,4.14,4.54,4.49,0,4.42,3.95,1.13
2014-Q2,FCC_E012,contractor,19.8,administrative,Office_of_Communications,2,consolidation,6,0,79.1,2,4.67,6.75,4.68,7.28,5.93,3,0,1,0,0,0,1,1.0,2.75,3.71,1.41,4.03,4.58,0,5.47,5.67,0.86
2014-Q2,FCC_E013,contractor,15.0,program_staff,Office_of_Communications,7,consolidation,7,0,79.1,2,3.18,4.41,2.39,1.36,8.43,2,0,0,0,0,0,0,1.0,5.85,4.62,2.42,3.26,1.45,0,4.83,4.4,2.93
2014-Q2,FCC_E014,federal_employee,11.8,program_staff,Media_Bureau,2,consolidation,9,0,79.1,2,4.99,5.93,5.23,5.15,5.81,3,0,0,0,0,0,1,3.85,5.71,3.71,4.94,3.29,3.38,0,4.17,3.98,0.78
2014-Q2,FCC_E015,federal_employee,6.5,IT_staff,Wireless_Telecommunications,3,consolidation,11,0,79.1,2,5.92,4.46,5.18,6.41,6.2,2,1,0,1,1,0,0,5.81,2.23,4.12,3.83,3.68,1.43,0,3.85,5.1,0.55
2014-Q2,FCC_E016,federal_employee,22.1,administrative,Office_of_Legislative_Affairs,2,consolidation,12,0,79.1,2,3.71,4.92,2.68,7.4,7.84,3,0,1,0,0,0,1,3.89,4.39,4.43,3.25,3.38,2.83,1,2.9,5.51,0.23
2014-Q2,FCC_E017,federal_employee,14.4,administrative,Office_of_Economics_Analytics,4,consolidation,13,0,79.1,2,3.66,5.06,3.13,7.58,7.74,2,1,0,1,0,0,1,5.19,2.07,3.43,4.73,2.97,1.38,0,3.51,4.93,0.19
2014-Q2,FCC_E018,federal_employee,13.0,IT_staff,Office_of_General_Counsel,6,consolidation,11,0,79.1,2,4.71,5.52,3.22,6.33,7.43,2,0,0,0,0,0,1,2.33,4.36,4.84,3.43,2.25,2.41,1,5.38,5.47,0.1
2014-Q2,FCC_E019,federal_employee,22.6,program_staff,International_Bureau,1,consolidation,9,0,79.1,2,5.7,6.6,3.21,7.82,7.54,1,0,0,0,0,0,1,3.17,4.71,3.58,3.37,2.4,4.49,0,3.5,4.72,0.28
2014-Q2,FCC_E020,federal_employee,10.1,policy_analyst,Public_Safety,1,consolidation,12,0,79.1,2,2.38,5.49,3.8,4.36,8.15,3,0,0,0,0,0,1,4.45,3.33,2.96,2.63,2.21,3.94,1,4.65,3.59,0.1
2014-Q2,FCC_E021,federal_employee,20.5,program_staff,Office_of_General_Counsel,3,consolidation,8,0,79.1,2,5.16,5.13,2.84,7.07,7.82,0,0,0,1,0,1,2,1.65,4.06,4.62,2.62,5.99,2.96,0,3.14,4.35,0.52
2014-Q2,FCC_E022,federal_employee,17.3,IT_staff,Media_Bureau,3,consolidation,6,0,79.1,2,5.1,6.82,3.63,7.34,7.58,5,1,0,1,0,0,0,2.74,4.17,4.82,2.44,5.29,2.63,0,2.15,3.67,2.0
2014-Q2,FCC_E023,federal_employee,9.3,administrative,Office_of_Communications,4,consolidation,8,0,79.1,2,2.34,5.17,3.57,4.06,7.63,2,0,0,0,0,0,0,5.27,3.05,2.94,1.89,5.53,1.59,1,1.32,3.53,0.24
2014-Q2,FCC_E024,federal_employee,15.0,policy_analyst,Media_Bureau,5,consolidation,10,0,79.1,2,2.01,6.18,4.2,4.36,7.47,2,0,1,0,1,0,1,2.72,2.59,1.58,2.3,5.29,1.0,0,4.65,3.92,1.28
2014-Q2,FCC_E025,federal_employee,21.3,program_staff,Administrative_Operations,2,consolidation,8,0,79.1,2,6.29,5.15,2.91,6.77,7.43,1,0,0,0,0,0,1,4.27,2.83,3.58,2.65,3.93,3.39,0,4.25,2.99,0.59
2014-Q2,FCC_E026,contractor,20.0,field_operations,Office_of_Strategic_Planning,8,consolidation,12,0,79.1,2,2.79,5.3,2.6,3.49,8.8,4,2,0,0,0,0,0,5.73,2.34,3.63,4.53,1.79,2.77,0,2.63,4.85,1.08
2014-Q2,FCC_E027,federal_employee,24.5,field_operations,Administrative_Operations,3,consolidation,7,0,79.1,2,3.04,4.59,3.63,6.92,7.6,2,0,1,0,0,0,0,4.33,4.09,6.01,4.27,1.0,4.77,0,5.22,4.27,3.59
2014-Q2,FCC_E028,federal_employee,17.5,program_staff,Wireline_Competition,1,consolidation,7,0,79.1,2,3.36,5.42,5.3,6.72,6.5,2,1,0,0,0,1,0,1.0,2.92,4.06,1.33,3.74,2.81,0,5.04,3.19,2.94
2014-Q2,FCC_E029,federal_employee,35.7,field_operations,Media_Bureau,2,consolidation,14,0,79.1,2,3.99,5.55,5.46,4.71,5.26,1,0,0,1,0,0,1,3.0,3.89,3.91,2.8,2.09,3.51,0,2.91,5.46,0.73
2014-Q2,FCC_E030,federal_employee,10.0,program_staff,Office_of_Communications,2,consolidation,9,0,79.1,2,4.16,4.77,3.26,4.16,7.69,0,0,0,0,0,0,1,2.53,4.04,2.95,4.82,2.76,2.81,1,4.04,4.25,0.42
2014-Q2,FCC_E031,federal_employee,13.1,administrative,Office_of_Managing_Director,4,consolidation,6,0,79.1,2,1.92,6.27,3.67,6.1,6.73,2,0,0,0,1,0,1,4.25,3.5,5.17,2.81,2.5,2.96,0,4.38,3.3,2.1
2014-Q2,FCC_E032,federal_employee,15.1,administrative,International_Bureau,6,consolidation,14,0,79.1,2,2.24,5.98,4.28,6.58,6.87,9,0,1,1,1,0,0,2.38,3.63,5.4,4.66,1.86,2.94,0,2.33,4.21,2.48
2014-Q2,FCC_E033,federal_employee,7.0,administrative,Wireless_Telecommunications,7,consolidation,11,0,79.1,2,4.29,4.94,1.55,1.0,9.58,4,0,0,0,0,0,0,3.96,2.89,4.11,2.7,1.86,2.5,1,4.41,6.07,2.84
2014-Q2,FCC_E034,contractor,21.2,IT_staff,International_Bureau,6,consolidation,10,0,79.1,2,4.85,5.16,4.0,4.46,7.54,3,0,0,1,0,0,1,3.92,4.94,3.75,2.26,1.13,1.71,0,2.51,6.99,0.19
2014-Q2,FCC_E035,contractor,20.5,field_operations,Wireless_Telecommunications,2,consolidation,11,0,79.1,2,4.87,3.58,3.63,5.7,7.13,2,0,0,0,0,0,0,6.45,5.33,4.2,2.53,4.58,3.77,1,5.18,2.68,0.15
2014-Q2,FCC_E036,contractor,16.1,program_staff,Office_of_Strategic_Planning,5,consolidation,7,0,79.1,2,4.2,5.9,3.58,4.77,7.5,5,0,0,1,0,0,1,5.57,3.73,5.42,1.0,3.59,2.42,1,5.01,5.33,1.07
2014-Q2,FCC_E037,federal_employee,12.3,IT_staff,Office_of_Communications,5,consolidation,8,0,79.1,2,3.21,6.89,4.59,6.12,5.73,0,0,0,1,0,0,2,5.71,1.91,4.16,4.83,5.17,3.41,0,4.55,6.8,2.12
2014-Q2,FCC_E038,federal_employee,6.5,IT_staff,Office_of_General_Counsel,4,consolidation,9,0,79.1,2,5.51,5.84,1.6,1.97,9.45,2,0,0,1,0,0,1,3.18,1.67,2.33,3.01,3.74,1.76,0,4.56,6.05,0.57
2014-Q2,FCC_E039,contractor,12.1,administrative,Consumer_Governmental_Affairs,4,consolidation,6,0,79.1,2,3.56,5.53,3.1,7.32,8.17,2,0,0,0,1,0,1,5.46,4.29,2.99,4.12,2.53,3.33,0,1.61,5.37,1.17
2014-Q2,FCC_E040,federal_employee,20.0,field_operations,Media_Bureau,3,consolidation,10,0,79.1,2,4.77,5.32,1.53,6.38,8.86,2,0,0,0,0,0,1,5.58,2.97,4.52,3.05,3.43,4.15,0,4.76,5.22,1.32
2014-Q2,FCC_E041,federal_employee,14.2,IT_staff,Office_of_Economics_Analytics,2,consolidation,8,0,79.1,2,4.79,6.19,5.36,6.71,5.13,1,0,0,0,0,0,0,3.34,4.96,3.34,2.66,2.83,2.81,0,5.49,5.6,0.1
2014-Q2,FCC_E042,federal_employee,12.9,administrative,Wireless_Telecommunications,3,consolidation,6,0,79.1,2,3.11,5.09,3.88,5.64,7.98,0,0,0,0,0,0,0,3.59,3.3,3.41,2.66,3.11,5.15,0,4.05,4.02,1.23
2014-Q2,FCC_E043,federal_employee,18.5,program_staff,Office_of_Communications,8,consolidation,13,0,79.1,2,1.42,5.52,1.92,3.22,9.81,0,0,0,1,0,0,1,4.01,4.69,4.61,3.52,1.0,1.37,0,3.74,3.72,0.71
2014-Q2,FCC_E044,contractor,21.8,administrative,Office_of_Media_Relations,5,consolidation,7,0,79.1,2,4.88,4.39,1.95,1.67,9.46,2,0,0,0,1,0,0,4.04,3.19,4.35,3.13,5.83,3.7,0,3.28,4.22,1.01
2014-Q2,FCC_E045,federal_employee,17.0,IT_staff,Office_of_Strategic_Planning,0,consolidation,13,0,79.1,2,5.41,4.93,3.21,6.05,8.64,2,0,1,1,0,0,1,4.91,3.03,2.76,4.57,1.0,5.26,1,4.35,5.09,2.12
2014-Q2,FCC_E046,contractor,17.6,field_operations,Public_Safety,2,consolidation,6,0,79.1,2,3.7,5.33,4.74,2.57,6.22,3,0,0,0,0,0,2,3.31,3.9,3.34,1.0,3.67,2.96,0,5.5,4.54,0.86
2014-Q2,FCC_E047,federal_employee,23.7,program_staff,Public_Safety,5,consolidation,10,0,79.1,2,5.3,5.69,3.3,4.46,7.37,4,0,0,0,0,0,0,3.54,3.4,3.39,2.53,1.05,1.75,0,3.67,3.21,0.1
2014-Q2,FCC_E048,federal_employee,16.6,policy_analyst,Office_of_Workplace_Diversity,4,consolidation,11,0,79.1,2,4.95,4.32,4.41,6.39,6.67,3,1,0,0,0,1,2,2.88,3.4,2.34,4.68,1.73,3.29,0,3.87,5.62,0.16
2014-Q2,FCC_E049,federal_employee,13.6,IT_staff,Office_of_General_Counsel,5,consolidation,12,0,79.1,2,5.37,6.51,3.81,1.71,8.29,7,0,0,0,0,0,1,3.78,1.0,1.66,3.62,1.52,3.01,0,4.82,2.76,2.77
2014-Q2,FCC_E050,federal_employee,19.5,program_staff,Wireline_Competition,9,consolidation,13,0,79.1,2,2.58,4.9,1.8,3.37,9.7,0,0,0,1,0,0,0,4.35,5.66,3.64,2.86,2.73,2.53,0,3.54,5.46,0.98
2014-Q2,FCC_E051,contractor,14.7,IT_staff,Wireless_Telecommunications,6,consolidation,13,0,79.1,2,5.53,6.28,3.78,3.65,7.04,4,0,0,0,0,0,1,3.83,4.65,4.0,3.14,2.28,2.23,0,3.4,5.86,0.1
2014-Q2,FCC_E052,contractor,14.2,policy_analyst,Office_of_Chief_Information_Officer,3,consolidation,7,0,79.1,2,3.93,5.47,1.09,4.62,9.18,2,0,0,1,0,0,2,3.45,2.09,3.82,1.36,5.54,3.46,0,4.34,4.89,2.55
2014-Q2,FCC_E053,contractor,22.4,policy_analyst,Wireless_Telecommunications,7,consolidation,11,0,79.1,2,1.93,4.17,3.15,6.79,8.09,2,0,0,0,0,0,0,1.7,4.13,4.96,2.9,4.16,2.21,0,3.34,5.11,1.06
2014-Q2,FCC_E054,contractor,14.5,program_staff,Enforcement_Bureau,8,consolidation,10,0,79.1,2,2.95,4.07,2.29,4.02,9.43,4,0,0,0,0,0,1,1.99,2.77,2.8,4.01,2.96,2.57,0,4.19,5.88,0.93
2014-Q2,FCC_E055,federal_employee,1.0,field_operations,Office_of_Communications,1,consolidation,6,0,79.1,2,2.72,6.76,4.67,1.0,6.92,0,0,0,1,0,0,1,5.31,4.41,4.94,1.45,1.41,4.48,1,2.69,4.42,1.72
2014-Q3,FCC_E001,federal_employee,9.4,program_staff,Office_of_Communications,1,migration,6,4,63.6,2,5.06,5.79,5.76,6.97,5.14,3,0,0,1,0,1,0,3.19,4.28,3.12,2.69,2.78,1.0,1,5.73,2.0,0.66
2014-Q3,FCC_E002,contractor,8.1,IT_staff,Office_of_Economics_Analytics,6,migration,6,5,63.6,2,3.15,5.45,5.82,5.38,4.61,7,2,0,0,1,0,1,4.44,1.56,4.74,2.38,3.27,3.09,1,4.55,4.1,0.28
2014-Q3,FCC_E003,contractor,19.9,program_staff,Wireline_Competition,8,migration,8,5,63.6,2,4.5,4.86,1.25,2.05,10.0,2,1,1,0,0,0,2,2.68,4.68,4.44,2.75,3.21,4.37,0,3.45,3.78,0.01
2014-Q3,FCC_E004,federal_employee,12.3,policy_analyst,Wireless_Telecommunications,5,migration,7,2,63.6,2,3.55,5.13,5.12,5.77,5.66,3,0,0,1,0,0,0,3.4,5.36,4.03,3.69,2.85,4.49,0,3.9,4.16,0.06
2014-Q3,FCC_E005,federal_employee,7.4,program_staff,Office_of_Communications,7,migration,6,2,63.6,2,1.82,5.16,2.19,5.43,8.49,3,1,1,0,0,0,0,3.97,4.44,3.92,4.72,3.32,3.17,0,3.94,5.06,0.38
2014-Q3,FCC_E006,federal_employee,10.2,administrative,Office_of_Media_Relations,7,migration,6,4,63.6,2,2.35,5.23,2.63,4.81,7.94,3,0,1,0,0,0,1,4.8,4.67,3.35,2.79,2.39,4.2,0,4.83,3.66,0.36
2014-Q3,FCC_E007,federal_employee,8.7,field_operations,Enforcement_Bureau,7,migration,11,2,63.6,2,1.88,4.54,3.38,3.16,7.68,3,0,0,0,0,0,2,4.17,5.62,3.21,3.14,4.67,4.23,0,4.1,4.1,0.59
2014-Q3,FCC_E008,contractor,16.7,program_staff,Enforcement_Bureau,2,migration,9,3,63.6,2,2.88,6.76,3.41,7.24,8.37,6,0,0,0,0,1,2,3.8,5.36,4.07,3.45,4.07,6.83,0,3.78,2.73,0.01
2014-Q3,FCC_E009,federal_employee,19.0,policy_analyst,Office_of_Managing_Director,3,migration,7,5,63.6,2,6.09,5.94,3.52,6.23,7.56,4,0,1,0,0,0,2,4.37,4.34,6.86,2.89,3.75,1.1,0,4.22,3.77,0.22
2014-Q3,FCC_E010,contractor,20.4,policy_analyst,Office_of_Managing_Director,2,migration,6,5,63.6,2,5.1,5.65,4.51,6.79,6.46,4,0,0,1,0,0,2,3.63,3.01,2.56,4.27,2.87,1.17,0,5.29,3.87,0.9
2014-Q3,FCC_E011,federal_employee,20.9,program_staff,Media_Bureau,3,migration,11,5,63.6,2,2.76,4.83,3.29,6.85,8.03,6,1,0,1,0,0,0,1.79,3.99,3.37,5.67,1.75,3.96,0,4.98,5.03,0.24
2014-Q3,FCC_E012,contractor,19.8,administrative,Office_of_Communications,2,migration,10,4,63.6,2,3.99,6.88,4.22,6.03,6.21,3,0,0,0,0,0,2,3.35,2.4,4.34,2.6,5.09,4.81,0,3.31,4.33,0.31
2014-Q3,FCC_E013,contractor,15.0,program_staff,Office_of_Communications,7,migration,7,3,63.6,2,2.92,4.92,4.98,1.67,5.96,5,0,0,1,0,0,1,2.21,3.6,4.02,3.12,3.16,1.0,0,4.5,3.33,0.16
2014-Q3,FCC_E014,federal_employee,11.8,program_staff,Media_Bureau,2,migration,11,4,63.6,2,6.41,5.78,4.7,5.09,6.78,2,0,1,0,0,0,1,3.82,3.26,6.12,4.31,1.0,2.79,0,4.17,4.32,0.09
2014-Q3,FCC_E015,federal_employee,6.5,IT_staff,Wireless_Telecommunications,3,migration,9,3,63.6,2,5.36,4.89,5.02,7.22,6.1,4,0,0,1,0,0,0,3.45,3.02,4.59,5.28,2.81,3.03,1,6.95,3.82,0.86
2014-Q3,FCC_E016,federal_employee,22.1,administrative,Office_of_Legislative_Affairs,2,migration,7,5,63.6,2,5.09,5.36,4.23,3.86,7.41,6,0,0,0,0,1,0,2.71,4.57,4.05,2.91,4.9,2.41,0,4.65,3.98,0.82
2014-Q3,FCC_E017,federal_employee,14.4,administrative,Office_of_Economics_Analytics,4,migration,5,4,63.6,2,5.25,5.64,5.27,4.8,6.42,4,1,0,0,0,1,1,3.69,5.46,3.92,3.91,2.82,5.2,0,3.89,4.64,0.72
2014-Q3,FCC_E018,federal_employee,13.0,IT_staff,Office_of_General_Counsel,6,migration,8,4,63.6,2,6.16,6.69,5.15,7.24,5.6,3,2,0,0,0,0,2,3.87,5.34,4.32,4.05,3.03,3.45,0,4.75,3.1,0.25
2014-Q3,FCC_E019,federal_employee,22.6,program_staff,International_Bureau,1,migration,10,2,63.6,2,3.68,5.4,5.56,7.63,5.18,2,0,1,0,0,0,2,2.72,4.36,2.9,4.12,3.27,4.36,0,5.38,5.31,0.22
2014-Q3,FCC_E020,federal_employee,10.1,policy_analyst,Public_Safety,1,migration,12,3,63.6,2,2.74,5.14,3.87,6.48,7.82,6,0,0,0,0,0,1,3.92,1.34,5.16,3.96,1.92,5.52,1,4.75,3.42,0.18
2014-Q3,FCC_E021,federal_employee,20.5,program_staff,Office_of_General_Counsel,3,migration,8,2,63.6,2,5.14,2.45,2.52,4.72,9.19,4,0,0,0,1,0,3,3.53,4.93,3.82,2.21,4.59,3.77,0,4.93,4.92,0.35
2014-Q3,FCC_E022,federal_employee,17.3,IT_staff,Media_Bureau,3,migration,8,5,63.6,2,5.5,6.87,4.55,8.09,6.77,5,1,0,0,0,0,0,5.93,4.29,3.6,4.17,4.48,4.3,1,3.2,5.69,0.3
2014-Q3,FCC_E023,federal_employee,9.3,administrative,Office_of_Communications,4,migration,7,4,63.6,2,4.94,6.18,5.79,3.59,5.56,4,0,0,0,1,0,1,2.92,3.71,6.32,3.46,4.86,4.35,0,3.42,3.17,0.25
2014-Q3,FCC_E024,federal_employee,15.0,policy_analyst,Media_Bureau,5,migration,11,5,63.6,2,1.85,4.37,2.07,5.48,8.5,2,0,0,0,0,0,0,2.6,4.42,5.02,5.38,6.53,3.51,0,2.16,5.15,0.63
2014-Q3,FCC_E025,federal_employee,21.3,program_staff,Administrative_Operations,2,migration,5,4,63.6,2,4.34,5.36,2.4,7.66,8.96,5,1,0,0,0,0,0,5.36,3.89,6.13,3.24,3.67,4.71,0,4.2,2.62,0.16
2014-Q3,FCC_E026,contractor,20.0,field_operations,Office_of_Strategic_Planning,8,migration,6,5,63.6,2,4.41,7.29,4.0,3.88,7.38,4,0,0,0,1,0,0,2.31,4.19,3.99,3.01,4.27,5.55,0,6.26,6.72,0.18
2014-Q3,FCC_E027,federal_employee,24.5,field_operations,Administrative_Operations,3,migration,9,5,63.6,2,6.21,5.99,5.44,6.62,5.17,5,1,0,0,0,0,0,3.3,4.28,3.62,4.58,3.59,2.44,1,4.54,4.19,0.13
2014-Q3,FCC_E028,federal_employee,17.5,program_staff,Wireline_Competition,1,migration,7,4,63.6,2,5.08,5.03,2.7,3.34,8.7,4,0,1,0,0,0,1,3.69,3.17,3.17,4.23,5.28,6.6,1,5.01,3.9,0.19
2014-Q3,FCC_E029,federal_employee,35.7,field_operations,Media_Bureau,2,migration,5,3,63.6,2,4.51,4.63,5.34,8.02,6.48,5,0,0,0,0,0,2,3.17,3.37,3.2,4.34,1.48,4.75,0,3.45,3.93,0.42
2014-Q3,FCC_E030,federal_employee,10.0,program_staff,Office_of_Communications,2,migration,11,5,63.6,2,3.1,5.47,2.4,7.05,8.46,7,0,1,0,0,1,1,4.69,1.48,3.89,4.68,3.19,2.49,0,4.13,3.49,0.31
2014-Q3,FCC_E031,federal_employee,13.1,administrative,Office_of_Managing_Director,4,migration,11,2,63.6,2,4.08,6.85,3.63,4.09,7.48,6,0,0,1,0,0,2,4.04,4.55,3.61,4.35,3.58,2.26,0,3.89,4.69,0.54
2014-Q3,FCC_E032,federal_employee,15.1,administrative,International_Bureau,6,migration,10,3,63.6,2,4.64,5.7,4.57,4.6,6.66,6,1,0,0,1,0,2,4.58,4.03,4.62,4.33,1.56,4.27,0,4.62,4.49,0.2
2014-Q3,FCC_E033,federal_employee,7.0,administrative,Wireless_Telecommunications,7,migration,6,3,63.6,2,3.55,4.93,1.95,4.67,8.44,3,0,1,0,0,0,1,4.3,5.78,4.16,2.69,3.2,3.04,0,4.98,5.65,0.81
2014-Q3,FCC_E034,contractor,21.2,IT_staff,International_Bureau,6,migration,9,2,63.6,2,3.21,6.22,4.39,3.8,6.28,4,0,0,1,0,1,2,2.68,2.83,5.96,3.95,4.1,3.05,1,6.7,3.02,1.57
2014-Q3,FCC_E035,contractor,20.5,field_operations,Wireless_Telecommunications,2,migration,6,5,63.6,2,2.06,5.6,2.34,6.78,8.89,4,0,0,0,0,1,1,3.02,4.96,3.33,2.98,4.62,5.35,0,4.56,4.27,0.42
2014-Q3,FCC_E036,contractor,16.1,program_staff,Office_of_Strategic_Planning,5,migration,7,4,63.6,2,5.24,6.67,2.01,4.99,9.35,2,0,0,0,0,0,1,3.86,3.92,4.18,3.65,2.5,3.79,0,3.82,3.05,0.34
2014-Q3,FCC_E037,federal_employee,12.3,IT_staff,Office_of_Communications,5,migration,10,3,63.6,2,5.13,5.99,2.91,5.81,8.52,2,0,0,1,0,0,1,7.14,2.15,5.58,4.17,1.63,3.49,0,5.63,3.15,0.17
2014-Q3,FCC_E038,federal_employee,6.5,IT_staff,Office_of_General_Counsel,4,migration,6,2,63.6,2,5.72,5.67,3.77,1.72,7.83,2,0,1,1,0,0,0,5.42,2.61,4.95,3.81,5.57,4.47,1,3.93,4.64,1.61
2014-Q3,FCC_E039,contractor,12.1,administrative,Consumer_Governmental_Affairs,4,migration,11,2,63.6,2,3.98,5.9,4.0,2.03,7.37,1,0,0,0,0,0,0,2.15,4.19,5.0,1.36,3.72,3.83,0,6.39,3.67,0.19
2014-Q3,FCC_E040,federal_employee,20.0,field_operations,Media_Bureau,3,migration,11,2,63.6,2,3.42,5.44,4.23,4.46,5.48,4,0,0,0,0,0,2,4.28,6.03,2.63,4.31,5.01,1.77,0,4.84,2.81,0.39
2014-Q3,FCC_E041,federal_employee,14.2,IT_staff,Office_of_Economics_Analytics,2,migration,9,4,63.6,2,5.66,4.53,5.77,5.58,4.7,6,0,0,0,0,0,1,2.33,4.51,5.05,5.23,2.32,3.31,1,3.6,4.4,0.08
2014-Q3,FCC_E042,federal_employee,12.9,administrative,Wireless_Telecommunications,3,migration,11,2,63.6,2,5.54,5.53,4.35,2.46,7.03,3,0,0,1,1,0,0,4.38,4.97,2.55,4.54,3.3,1.7,0,4.81,2.19,0.09
2014-Q3,FCC_E043,federal_employee,18.5,program_staff,Office_of_Communications,8,migration,7,4,63.6,2,5.2,4.94,1.0,4.11,10.0,0,2,0,0,0,0,0,4.45,4.63,5.0,3.5,1.75,3.47,0,4.97,5.12,0.21
2014-Q3,FCC_E044,contractor,21.8,administrative,Office_of_Media_Relations,5,migration,12,5,63.6,2,4.94,6.1,4.84,5.91,5.63,5,0,0,0,0,0,2,3.75,4.58,4.86,4.39,4.96,4.12,1,3.44,5.49,0.77
2014-Q3,FCC_E045,federal_employee,17.0,IT_staff,Office_of_Strategic_Planning,0,migration,5,5,63.6,2,4.42,7.97,6.32,3.34,5.71,3,1,0,1,1,0,2,4.36,3.48,5.36,2.72,3.3,3.97,1,4.02,3.63,0.22
2014-Q3,FCC_E046,contractor,17.6,field_operations,Public_Safety,2,migration,9,5,63.6,2,6.17,4.36,5.33,6.54,6.04,5,0,0,0,0,0,1,1.52,5.58,5.66,3.29,4.23,2.91,0,5.8,5.25,0.47
2014-Q3,FCC_E047,federal_employee,23.7,program_staff,Public_Safety,5,migration,12,5,63.6,2,3.45,4.38,4.08,4.9,6.83,3,0,0,0,0,0,2,4.79,3.31,5.69,2.77,4.22,4.57,0,5.15,3.43,0.37
2014-Q3,FCC_E048,federal_employee,16.6,policy_analyst,Office_of_Workplace_Diversity,4,migration,9,3,63.6,2,4.89,5.02,2.76,4.54,7.61,4,0,0,0,0,1,0,4.34,4.39,5.7,4.92,2.46,4.57,0,4.11,5.42,1.14
2014-Q3,FCC_E049,federal_employee,13.6,IT_staff,Office_of_General_Counsel,5,migration,10,2,63.6,2,4.47,6.79,4.55,7.46,7.51,3,1,0,0,1,0,1,4.96,4.32,3.27,4.31,4.66,3.62,0,4.62,3.55,0.56
2014-Q3,FCC_E050,federal_employee,19.5,program_staff,Wireline_Competition,9,migration,6,2,63.6,2,3.3,7.13,4.3,3.75,6.98,6,0,0,1,0,0,0,2.9,3.06,6.28,3.14,4.85,3.91,0,6.34,5.08,0.7
2014-Q3,FCC_E051,contractor,14.7,IT_staff,Wireless_Telecommunications,6,migration,9,2,63.6,2,2.45,6.32,4.63,2.76,6.95,4,0,1,0,0,0,0,3.9,5.36,3.5,4.72,3.71,3.48,1,4.63,5.84,0.68
2014-Q3,FCC_E052,contractor,14.2,policy_analyst,Office_of_Chief_Information_Officer,3,migration,6,3,63.6,2,5.26,5.16,2.28,5.92,8.51,5,0,0,0,0,0,2,1.66,4.36,3.59,5.51,4.37,3.2,0,2.97,2.97,0.14
2014-Q3,FCC_E053,contractor,22.4,policy_analyst,Wireless_Telecommunications,7,migration,10,2,63.6,2,5.07,5.85,1.0,6.77,9.85,2,0,0,0,0,1,3,3.6,3.47,4.11,2.74,5.93,2.38,0,4.23,2.97,0.06
2014-Q3,FCC_E054,contractor,14.5,program_staff,Enforcement_Bureau,8,migration,9,4,63.6,2,4.38,7.16,2.59,4.58,9.02,0,2,0,1,0,0,0,3.92,5.17,5.79,3.49,4.09,3.03,0,5.31,2.81,1.16
2014-Q3,FCC_E055,federal_employee,1.0,field_operations,Office_of_Communications,1,migration,12,5,63.6,2,3.31,4.54,3.66,6.59,6.72,2,1,0,0,0,0,1,2.91,5.37,3.68,4.01,3.98,2.7,0,3.8,5.26,0.25
2014-Q4,FCC_E001,federal_employee,9.4,program_staff,Office_of_Communications,1,migration,7,5,64.6,0,4.48,4.89,4.7,5.91,6.89,4,0,0,0,1,0,1,4.93,3.0,4.73,3.88,3.61,4.09,0,4.62,3.35,0.92
2014-Q4,FCC_E002,contractor,8.1,IT_staff,Office_of_Economics_Analytics,6,migration,8,5,64.6,0,4.74,5.24,5.76,4.9,4.6,5,0,0,1,0,0,3,5.96,2.71,4.09,3.41,7.3,6.07,0,5.73,6.74,0.18
2014-Q4,FCC_E003,contractor,19.9,program_staff,Wireline_Competition,8,migration,10,4,64.6,0,3.34,6.94,4.02,5.95,6.61,6,0,0,1,0,0,1,4.39,4.45,4.66,3.54,4.33,2.79,0,6.18,3.33,0.09
2014-Q4,FCC_E004,federal_employee,12.3,policy_analyst,Wireless_Telecommunications,5,migration,6,4,64.6,0,4.35,7.0,4.38,6.86,6.27,3,0,0,0,0,1,1,4.37,5.27,2.83,3.42,2.2,5.28,0,4.42,4.5,0.35
2014-Q4,FCC_E005,federal_employee,7.4,program_staff,Office_of_Communications,7,migration,5,5,64.6,0,4.54,6.68,4.75,6.8,5.64,5,0,1,1,1,0,2,4.94,3.3,4.81,3.2,3.82,3.38,0,3.67,3.61,0.69
2014-Q4,FCC_E006,federal_employee,10.2,administrative,Office_of_Media_Relations,7,migration,9,5,64.6,0,4.92,5.3,4.3,5.55,6.62,9,1,0,1,0,1,3,4.7,5.16,5.28,2.35,4.29,3.64,1,3.47,5.58,0.08
2014-Q4,FCC_E007,federal_employee,8.7,field_operations,Enforcement_Bureau,7,migration,10,5,64.6,0,3.83,6.0,4.54,5.56,6.3,5,1,0,1,0,0,2,5.73,3.72,3.15,5.53,4.5,2.39,0,6.1,5.47,0.37
2014-Q4,FCC_E008,contractor,16.7,program_staff,Enforcement_Bureau,2,migration,9,4,64.6,0,5.95,6.16,5.17,7.7,6.31,4,1,1,1,1,0,1,4.76,4.47,3.93,5.07,3.68,4.82,1,5.4,5.25,0.87
2014-Q4,FCC_E009,federal_employee,19.0,policy_analyst,Office_of_Managing_Director,3,migration,8,2,64.6,0,3.65,6.71,4.07,4.51,7.11,7,0,1,0,0,0,0,6.64,3.68,3.0,3.52,2.95,2.9,0,5.02,6.1,0.14
2014-Q4,FCC_E010,contractor,20.4,policy_analyst,Office_of_Managing_Director,2,migration,7,5,64.6,0,5.17,6.85,3.8,8.15,7.07,2,0,0,1,0,0,1,4.07,5.96,4.33,2.76,1.14,3.39,1,5.4,6.04,0.23
2014-Q4,FCC_E011,federal_employee,20.9,program_staff,Media_Bureau,3,migration,11,4,64.6,0,5.6,4.67,3.76,5.65,7.29,4,2,1,1,0,0,2,2.86,3.53,6.72,3.22,3.57,3.6,0,7.27,3.09,0.3
2014-Q4,FCC_E012,contractor,19.8,administrative,Office_of_Communications,2,migration,6,5,64.6,0,5.3,6.25,1.89,6.82,10.0,6,0,0,1,0,0,3,4.62,5.24,4.0,4.82,5.07,3.55,0,6.16,2.27,0.63
2014-Q4,FCC_E013,contractor,15.0,program_staff,Office_of_Communications,7,migration,12,5,64.6,0,3.2,5.06,3.25,6.22,8.02,13,0,0,1,0,0,1,5.62,5.14,5.38,5.09,3.96,4.33,1,6.16,5.36,0.44
2014-Q4,FCC_E014,federal_employee,11.8,program_staff,Media_Bureau,2,migration,10,4,64.6,0,5.38,5.75,4.65,6.96,6.77,1,0,1,0,0,0,1,2.51,2.37,4.17,4.41,1.28,4.01,0,5.16,4.64,0.35
2014-Q4,FCC_E015,federal_employee,6.5,IT_staff,Wireless_Telecommunications,3,migration,8,3,64.6,0,5.11,5.66,5.3,5.79,6.11,2,0,0,0,0,0,1,5.12,6.04,6.43,4.64,3.79,5.93,0,4.32,6.19,0.69
2014-Q4,FCC_E016,federal_employee,22.1,administrative,Office_of_Legislative_Affairs,2,migration,9,5,64.6,0,5.57,5.75,3.76,6.04,7.95,3,0,0,0,0,0,2,6.07,4.3,7.39,2.6,2.84,5.73,1,3.44,5.35,0.16
2014-Q4,FCC_E017,federal_employee,14.4,administrative,Office_of_Economics_Analytics,4,migration,5,4,64.6,0,4.29,4.6,2.77,3.85,8.52,6,1,0,0,0,0,1,3.61,5.03,2.98,2.21,4.11,2.69,0,4.41,2.96,1.62
2014-Q4,FCC_E018,federal_employee,13.0,IT_staff,Office_of_General_Counsel,6,migration,5,3,64.6,0,6.01,6.1,4.99,7.48,6.75,1,2,0,0,0,0,1,5.47,3.9,5.11,3.25,3.07,4.52,0,5.49,6.24,0.19
2014-Q4,FCC_E019,federal_employee,22.6,program_staff,International_Bureau,1,migration,9,4,64.6,0,4.78,7.09,4.6,8.31,6.11,5,0,0,0,0,0,3,4.37,2.86,7.18,4.42,5.42,3.42,0,5.96,6.45,0.06
2014-Q4,FCC_E020,federal_employee,10.1,policy_analyst,Public_Safety,1,migration,5,3,64.6,0,4.43,6.91,6.16,7.36,4.24,2,0,1,0,0,0,2,5.0,3.64,5.08,4.75,4.66,3.59,0,4.74,4.02,0.43
2014-Q4,FCC_E021,federal_employee,20.5,program_staff,Office_of_General_Counsel,3,migration,12,2,64.6,0,5.08,5.93,1.27,5.38,10.0,4,0,0,0,0,1,2,6.26,4.69,4.9,3.99,5.67,4.43,0,4.3,5.58,1.9
2014-Q4,FCC_E022,federal_employee,17.3,IT_staff,Media_Bureau,3,migration,11,4,64.6,0,7.61,5.3,5.78,6.8,5.97,5,0,0,0,0,0,2,5.43,4.73,4.34,5.69,4.29,5.5,1,5.88,5.6,0.11
2014-Q4,FCC_E023,federal_employee,9.3,administrative,Office_of_Communications,4,migration,6,4,64.6,0,4.89,5.99,3.98,4.32,6.85,7,1,0,1,0,0,3,4.86,3.34,3.25,2.91,7.35,1.33,1,5.65,5.29,0.16
2014-Q4,FCC_E024,federal_employee,15.0,policy_analyst,Media_Bureau,5,migration,10,3,64.6,0,3.93,5.21,3.42,5.32,7.58,3,1,0,0,1,0,1,5.86,6.36,5.44,4.63,3.24,5.11,1,6.15,5.62,0.1
2014-Q4,FCC_E025,federal_employee,21.3,program_staff,Administrative_Operations,2,migration,7,2,64.6,0,5.38,5.85,7.45,5.65,3.74,5,2,0,0,1,0,2,3.84,3.81,4.36,1.31,7.13,1.0,1,5.8,7.43,0.09
2014-Q4,FCC_E026,contractor,20.0,field_operations,Office_of_Strategic_Planning,8,migration,11,5,64.6,0,5.03,4.87,3.29,1.35,6.78,5,2,0,0,0,1,0,5.31,6.46,3.54,3.56,5.84,6.49,0,4.74,4.49,0.44
2014-Q4,FCC_E027,federal_employee,24.5,field_operations,Administrative_Operations,3,migration,5,5,64.6,0,5.46,5.13,4.67,8.0,5.87,3,1,0,0,0,0,0,4.24,4.59,5.63,4.81,2.74,1.06,0,4.94,4.71,0.33
2014-Q4,FCC_E028,federal_employee,17.5,program_staff,Wireline_Competition,1,migration,7,2,64.6,0,4.6,6.81,3.0,6.82,8.25,2,0,1,0,0,0,2,4.91,6.11,5.85,4.18,4.39,5.25,1,6.13,4.91,0.13
2014-Q4,FCC_E029,federal_employee,35.7,field_operations,Media_Bureau,2,migration,5,4,64.6,0,4.61,6.72,3.01,6.63,7.9,6,1,1,1,1,0,2,5.18,5.31,5.18,1.0,3.55,4.72,1,5.42,6.55,0.84
2014-Q4,FCC_E030,federal_employee,10.0,program_staff,Office_of_Communications,2,migration,10,2,64.6,0,3.24,5.79,3.13,6.43,8.09,1,2,0,1,0,0,1,3.82,3.22,6.59,5.68,1.18,5.42,0,4.42,3.74,1.75
2014-Q4,FCC_E031,federal_employee,13.1,administrative,Office_of_Managing_Director,4,migration,12,4,64.6,0,7.07,7.05,3.52,7.35,6.94,4,1,0,0,0,0,1,3.78,5.83,2.98,5.53,2.73,3.48,0,3.65,5.12,0.39
2014-Q4,FCC_E032,federal_employee,15.1,administrative,International_Bureau,6,migration,10,2,64.6,0,5.01,5.88,2.69,6.59,8.58,4,1,1,0,0,0,2,3.46,4.37,6.11,4.28,5.51,6.77,0,3.44,5.43,0.45
2014-Q4,FCC_E033,federal_employee,7.0,administrative,Wireless_Telecommunications,7,migration,5,3,64.6,0,4.72,5.15,1.84,5.63,9.2,7,0,0,0,0,0,0,4.37,5.57,4.07,4.41,5.54,4.3,1,4.21,4.58,0.54
2014-Q4,FCC_E034,contractor,21.2,IT_staff,International_Bureau,6,migration,11,5,64.6,0,5.46,7.18,7.16,5.88,4.18,4,0,0,0,0,0,2,3.77,2.7,1.2,4.95,5.57,4.44,1,3.7,6.45,0.26
2014-Q4,FCC_E035,contractor,20.5,field_operations,Wireless_Telecommunications,2,migration,6,3,64.6,0,4.61,5.03,4.8,7.25,6.76,9,1,0,1,0,0,3,2.61,2.41,3.56,3.17,2.43,3.29,0,4.84,5.16,0.58
2014-Q4,FCC_E036,contractor,16.1,program_staff,Office_of_Strategic_Planning,5,migration,5,2,64.6,0,5.24,6.58,5.77,5.44,5.04,2,1,0,1,0,0,2,4.1,3.95,4.07,4.65,2.97,5.38,1,2.62,4.68,0.22
2014-Q4,FCC_E037,federal_employee,12.3,IT_staff,Office_of_Communications,5,migration,11,5,64.6,0,6.29,7.37,5.67,7.35,5.37,3,0,0,0,1,0,1,4.31,5.39,6.16,5.08,3.16,4.77,0,3.6,4.47,0.39
2014-Q4,FCC_E038,federal_employee,6.5,IT_staff,Office_of_General_Counsel,4,migration,9,2,64.6,0,4.05,7.48,5.64,6.24,4.75,6,0,0,0,0,0,4,3.13,3.11,4.43,4.37,5.85,3.09,0,4.81,5.27,0.81
2014-Q4,FCC_E039,contractor,12.1,administrative,Consumer_Governmental_Affairs,4,migration,10,3,64.6,0,3.56,5.21,4.99,6.74,5.98,2,0,0,1,0,1,2,5.56,5.81,4.35,4.83,5.77,2.77,1,5.07,5.86,0.18
2014-Q4,FCC_E040,federal_employee,20.0,field_operations,Media_Bureau,3,migration,12,3,64.6,0,4.09,6.97,4.26,6.9,6.75,2,2,0,1,0,0,0,3.29,3.18,4.55,4.39,3.94,5.14,0,5.62,4.89,0.01
2014-Q4,FCC_E041,federal_employee,14.2,IT_staff,Office_of_Economics_Analytics,2,migration,8,2,64.6,0,4.86,6.55,4.69,8.29,5.62,5,0,1,0,0,0,2,5.22,2.97,3.2,4.08,1.0,3.23,1,6.67,5.6,0.56
2014-Q4,FCC_E042,federal_employee,12.9,administrative,Wireless_Telecommunications,3,migration,9,5,64.6,0,5.64,4.88,3.06,7.1,8.84,1,0,0,0,0,0,0,4.61,6.47,5.66,5.56,4.29,3.2,0,3.97,4.49,1.66
2014-Q4,FCC_E043,federal_employee,18.5,program_staff,Office_of_Communications,8,migration,10,3,64.6,0,4.62,7.07,3.77,5.23,6.65,3,1,1,1,0,0,2,4.1,4.99,4.04,4.97,5.77,3.56,0,6.26,7.58,0.26
2014-Q4,FCC_E044,contractor,21.8,administrative,Office_of_Media_Relations,5,migration,10,2,64.6,0,4.82,7.97,2.81,3.24,7.83,6,0,0,0,0,0,1,6.22,4.68,3.07,2.68,3.74,4.95,0,2.92,3.61,0.38
2014-Q4,FCC_E045,federal_employee,17.0,IT_staff,Office_of_Strategic_Planning,0,migration,7,2,64.6,0,4.53,6.29,5.0,8.14,5.69,6,1,0,0,0,0,0,6.49,4.8,5.82,4.73,4.69,4.46,0,5.34,3.2,0.62
2014-Q4,FCC_E046,contractor,17.6,field_operations,Public_Safety,2,migration,11,3,64.6,0,5.17,5.75,5.12,6.19,5.25,3,0,1,1,0,0,2,2.17,6.98,5.36,3.87,4.78,3.22,0,4.2,5.38,0.11
2014-Q4,FCC_E047,federal_employee,23.7,program_staff,Public_Safety,5,migration,12,5,64.6,0,4.34,4.62,5.09,5.23,6.58,5,0,1,1,1,0,2,3.91,5.66,5.32,4.12,4.54,3.92,1,4.99,6.15,0.01
2014-Q4,FCC_E048,federal_employee,16.6,policy_analyst,Office_of_Workplace_Diversity,4,migration,7,2,64.6,0,5.19,6.56,3.32,4.98,6.97,4,0,0,1,0,0,2,3.71,4.56,3.75,1.62,3.22,2.25,0,3.79,4.17,0.27
2014-Q4,FCC_E049,federal_employee,13.6,IT_staff,Office_of_General_Counsel,5,migration,5,2,64.6,0,6.13,5.8,5.44,2.44,5.26,5,1,0,0,0,0,1,3.82,3.95,5.5,4.07,4.72,3.53,0,4.13,3.18,0.84
2014-Q4,FCC_E050,federal_employee,19.5,program_staff,Wireline_Competition,9,migration,7,2,64.6,0,2.89,5.8,4.03,4.96,7.15,2,1,0,1,0,0,2,2.96,3.42,5.67,2.97,5.01,4.65,0,5.05,5.44,0.38
2014-Q4,FCC_E051,contractor,14.7,IT_staff,Wireless_Telecommunications,6,migration,7,4,64.6,0,4.3,6.17,4.86,5.32,6.65,5,1,0,1,0,1,2,5.28,5.09,4.13,3.01,3.62,5.28,0,5.01,6.59,0.76
2014-Q4,FCC_E052,contractor,14.2,policy_analyst,Office_of_Chief_Information_Officer,3,migration,9,3,64.6,0,4.06,7.07,5.6,7.09,6.12,7,0,1,1,0,1,0,4.21,4.73,4.81,3.91,3.14,3.96,1,5.75,2.77,0.17
2014-Q4,FCC_E053,contractor,22.4,policy_analyst,Wireless_Telecommunications,7,migration,7,5,64.6,0,5.75,5.63,3.21,6.48,8.26,0,2,0,1,1,0,1,4.03,3.95,4.36,1.57,4.7,2.33,0,6.95,5.87,0.07
2014-Q4,FCC_E054,contractor,14.5,program_staff,Enforcement_Bureau,8,migration,8,5,64.6,0,2.66,5.48,4.29,6.35,5.53,4,0,1,1,0,1,2,2.92,3.88,4.93,5.77,4.66,4.03,1,5.23,5.16,0.12
2014-Q4,FCC_E055,federal_employee,1.0,field_operations,Office_of_Communications,1,migration,10,5,64.6,0,5.71,6.62,5.12,6.4,5.09,2,0,0,0,0,1,1,5.61,4.48,3.97,4.41,4.01,4.12,0,6.6,4.67,0.33
2015-Q1,FCC_E001,federal_employee,9.4,program_staff,Office_of_Communications,1,migration,5,2,66.2,2,5.98,6.26,3.48,5.19,7.62,13,1,0,0,0,1,3,3.72,6.32,3.05,4.66,4.88,6.33,0,6.23,5.11,1.93
2015-Q1,FCC_E002,contractor,8.1,IT_staff,Office_of_Economics_Analytics,6,migration,5,2,66.2,2,5.89,6.53,3.97,6.65,7.93,5,0,0,0,0,0,1,8.11,5.05,6.87,3.37,4.2,2.3,1,5.49,4.74,0.6
2015-Q1,FCC_E003,contractor,19.9,program_staff,Wireline_Competition,8,migration,6,4,66.2,2,5.11,6.03,3.34,6.35,8.32,5,2,0,0,0,0,1,3.24,5.81,5.65,6.32,3.92,5.6,0,6.8,5.07,0.2
2015-Q1,FCC_E004,federal_employee,12.3,policy_analyst,Wireless_Telecommunications,5,migration,5,5,66.2,2,4.19,6.18,2.97,7.02,7.54,3,2,0,0,0,0,1,4.26,5.46,5.33,3.6,2.8,3.89,0,4.99,5.02,0.25
2015-Q1,FCC_E005,federal_employee,7.4,program_staff,Office_of_Communications,7,migration,11,2,66.2,2,4.8,6.91,3.27,5.44,7.48,3,0,0,0,0,0,1,5.48,4.2,7.16,2.39,6.97,5.19,0,5.43,6.2,0.12
2015-Q1,FCC_E006,federal_employee,10.2,administrative,Office_of_Media_Relations,7,migration,11,2,66.2,2,3.17,7.46,4.25,4.53,7.29,7,2,0,1,1,0,0,5.81,4.65,4.48,3.8,4.48,3.86,0,2.38,6.03,0.26
2015-Q1,FCC_E007,federal_employee,8.7,field_operations,Enforcement_Bureau,7,migration,9,3,66.2,2,4.83,6.1,6.94,6.34,3.28,5,0,1,1,0,0,1,4.9,5.65,5.34,3.42,5.28,6.35,0,6.91,4.58,0.13
2015-Q1,FCC_E008,contractor,16.7,program_staff,Enforcement_Bureau,2,migration,6,2,66.2,2,5.59,6.25,4.36,4.54,6.48,8,0,0,0,1,0,2,4.94,4.89,5.21,6.43,5.67,5.58,1,7.93,6.78,0.18
2015-Q1,FCC_E009,federal_employee,19.0,policy_analyst,Office_of_Managing_Director,3,migration,11,5,66.2,2,6.43,7.85,5.35,7.13,5.63,5,0,1,0,0,0,2,4.93,6.54,3.59,3.72,5.05,4.79,0,6.5,5.43,0.72
2015-Q1,FCC_E010,contractor,20.4,policy_analyst,Office_of_Managing_Director,2,migration,6,5,66.2,2,5.55,7.49,3.64,9.12,7.85,4,1,0,0,0,0,2,5.82,4.51,5.01,5.26,4.56,3.99,1,5.36,3.51,0.26
2015-Q1,FCC_E011,federal_employee,20.9,program_staff,Media_Bureau,3,migration,11,5,66.2,2,5.41,6.82,4.81,8.14,5.7,4,2,0,0,0,0,1,3.74,5.64,5.67,4.4,2.69,3.3,1,6.11,7.06,0.25
2015-Q1,FCC_E012,contractor,19.8,administrative,Office_of_Communications,2,migration,9,3,66.2,2,6.73,6.08,6.21,8.95,4.98,9,1,0,0,0,0,2,6.07,4.48,4.95,4.75,3.59,3.44,0,5.94,6.52,0.46
2015-Q1,FCC_E013,contractor,15.0,program_staff,Office_of_Communications,7,migration,10,3,66.2,2,5.19,6.06,4.17,5.72,6.29,5,0,0,1,0,0,1,1.51,5.54,8.3,4.89,5.13,1.58,1,5.83,4.01,0.02
2015-Q1,FCC_E014,federal_employee,11.8,program_staff,Media_Bureau,2,migration,8,5,66.2,2,5.57,5.71,4.07,4.41,6.8,4,1,0,0,0,0,1,5.55,5.81,5.65,4.08,3.95,7.67,1,6.94,3.87,0.03
2015-Q1,FCC_E015,federal_employee,6.5,IT_staff,Wireless_Telecommunications,3,migration,5,2,66.2,2,8.2,6.94,6.14,8.94,4.81,5,1,0,1,0,1,1,5.53,3.61,6.06,4.18,4.02,4.13,0,5.29,4.61,0.01
2015-Q1,FCC_E016,federal_employee,22.1,administrative,Office_of_Legislative_Affairs,2,migration,7,4,66.2,2,7.91,5.27,4.05,9.14,7.6,7,1,0,1,0,0,1,5.05,6.44,4.92,4.32,4.92,5.83,0,5.97,2.81,1.13
2015-Q1,FCC_E017,federal_employee,14.4,administrative,Office_of_Economics_Analytics,4,migration,7,2,66.2,2,4.6,6.61,5.52,6.14,5.24,6,1,1,0,0,0,2,3.95,7.25,5.26,5.35,5.2,4.08,0,5.38,5.55,0.35
2015-Q1,FCC_E018,federal_employee,13.0,IT_staff,Office_of_General_Counsel,6,migration,12,3,66.2,2,5.23,5.16,1.71,8.72,8.69,5,0,0,1,1,0,0,6.42,3.42,5.19,3.5,2.86,4.91,0,5.11,5.58,0.17
2015-Q1,FCC_E019,federal_employee,22.6,program_staff,International_Bureau,1,migration,9,3,66.2,2,6.32,6.98,3.96,8.34,6.57,8,1,0,0,0,0,1,2.73,4.33,3.8,3.58,3.56,1.91,1,6.91,4.41,0.28
2015-Q1,FCC_E020,federal_employee,10.1,policy_analyst,Public_Safety,1,migration,11,5,66.2,2,4.4,8.1,6.67,4.16,3.54,2,0,0,0,0,0,1,4.42,3.01,3.73,4.04,3.3,5.43,0,6.85,4.0,0.13
2015-Q1,FCC_E021,federal_employee,20.5,program_staff,Office_of_General_Counsel,3,migration,5,2,66.2,2,6.04,6.6,5.46,8.14,5.77,3,5,1,0,0,0,0,3.18,7.48,4.53,6.12,2.9,5.44,0,6.84,6.36,0.72
2015-Q1,FCC_E022,federal_employee,17.3,IT_staff,Media_Bureau,3,migration,9,4,66.2,2,6.4,7.28,5.72,3.65,5.57,5,1,1,1,0,0,2,5.97,5.21,4.37,4.06,4.41,4.52,1,3.94,5.2,0.49
2015-Q1,FCC_E023,federal_employee,9.3,administrative,Office_of_Communications,4,migration,8,3,66.2,2,3.28,5.44,6.06,7.55,5.56,4,1,1,0,0,0,1,4.72,4.02,3.91,2.9,4.3,5.69,0,5.56,4.05,0.16
2015-Q1,FCC_E024,federal_employee,15.0,policy_analyst,Media_Bureau,5,migration,8,2,66.2,2,6.65,6.54,4.98,7.26,5.48,4,0,0,1,0,0,1,3.14,3.56,5.2,4.74,4.7,2.94,0,4.29,3.79,0.27
2015-Q1,FCC_E025,federal_employee,21.3,program_staff,Administrative_Operations,2,migration,11,4,66.2,2,4.26,7.67,3.73,9.04,7.32,4,0,0,1,1,0,2,7.2,6.1,4.97,4.84,2.97,4.52,0,5.77,6.19,0.27
2015-Q1,FCC_E026,contractor,20.0,field_operations,Office_of_Strategic_Planning,8,migration,7,5,66.2,2,4.34,6.57,5.83,6.88,5.92,7,3,0,0,0,0,1,4.23,6.7,5.78,4.66,5.84,7.74,0,5.48,3.45,0.26
2015-Q1,FCC_E027,federal_employee,24.5,field_operations,Administrative_Operations,3,migration,9,4,66.2,2,6.3,7.22,3.08,6.27,8.63,6,0,0,0,1,0,2,6.85,4.39,3.63,4.43,4.59,2.6,1,6.48,6.06,0.18
2015-Q1,FCC_E028,federal_employee,17.5,program_staff,Wireline_Competition,1,migration,6,3,66.2,2,4.18,6.96,3.72,8.51,6.24,7,2,0,0,0,0,1,4.95,4.37,5.8,5.05,7.19,4.91,0,4.61,6.64,0.7
2015-Q1,FCC_E029,federal_employee,35.7,field_operations,Media_Bureau,2,migration,12,3,66.2,2,6.6,5.89,4.29,9.07,6.63,8,1,1,0,0,0,3,2.39,6.51,6.04,7.01,5.13,6.07,0,4.98,5.19,0.01
2015-Q1,FCC_E030,federal_employee,10.0,program_staff,Office_of_Communications,2,migration,5,3,66.2,2,4.06,5.58,4.2,7.65,6.36,6,2,0,0,0,0,2,4.87,3.76,5.24,3.55,5.02,6.12,0,4.76,6.23,0.3
2015-Q1,FCC_E031,federal_employee,13.1,administrative,Office_of_Managing_Director,4,migration,7,2,66.2,2,5.59,7.35,5.43,5.82,5.94,4,0,0,1,0,0,2,5.74,3.47,3.9,2.36,6.03,4.09,0,6.15,6.92,0.25
2015-Q1,FCC_E032,federal_employee,15.1,administrative,International_Bureau,6,migration,9,5,66.2,2,5.0,7.2,3.96,7.11,7.05,3,1,1,1,1,0,1,4.16,3.24,5.42,3.99,6.44,3.36,0,5.54,5.74,0.03
2015-Q1,FCC_E033,federal_employee,7.0,administrative,Wireless_Telecommunications,7,migration,6,3,66.2,2,3.77,6.34,4.86,2.59,7.09,5,1,0,1,1,0,1,5.27,3.92,6.59,4.61,6.01,2.69,1,4.09,6.99,0.48
2015-Q1,FCC_E034,contractor,21.2,IT_staff,International_Bureau,6,migration,10,5,66.2,2,5.32,5.05,5.4,5.17,5.74,4,1,0,0,0,0,2,4.72,6.43,4.36,2.17,4.62,3.61,1,6.48,6.14,0.58
2015-Q1,FCC_E035,contractor,20.5,field_operations,Wireless_Telecommunications,2,migration,6,3,66.2,2,5.4,6.98,5.1,8.21,5.46,3,3,1,1,0,0,3,5.33,7.55,5.65,4.55,5.45,3.76,0,6.32,5.5,0.32
2015-Q1,FCC_E036,contractor,16.1,program_staff,Office_of_Strategic_Planning,5,migration,6,4,66.2,2,5.18,5.39,4.42,5.78,6.65,2,3,0,0,0,0,2,5.7,4.84,4.34,4.5,5.39,2.49,1,3.59,4.39,0.51
2015-Q1,FCC_E037,federal_employee,12.3,IT_staff,Office_of_Communications,5,migration,11,5,66.2,2,6.05,8.09,6.51,6.91,5.25,3,2,1,0,0,1,0,7.7,4.5,5.79,4.11,5.29,3.71,1,4.91,5.55,0.09
2015-Q1,FCC_E038,federal_employee,6.5,IT_staff,Office_of_General_Counsel,4,migration,12,4,66.2,2,6.96,7.48,6.59,4.34,4.89,5,2,0,0,0,0,1,6.11,5.87,4.79,3.78,5.13,4.38,0,7.32,5.55,0.06
2015-Q1,FCC_E039,contractor,12.1,administrative,Consumer_Governmental_Affairs,4,migration,6,3,66.2,2,5.64,8.57,3.91,6.16,6.76,11,3,0,0,0,0,2,5.26,4.68,4.94,4.08,4.0,5.67,0,5.59,3.91,0.09
2015-Q1,FCC_E040,federal_employee,20.0,field_operations,Media_Bureau,3,migration,11,3,66.2,2,5.84,5.82,4.02,7.7,6.42,4,0,0,0,0,0,3,4.19,4.03,5.05,3.32,3.76,4.32,0,6.78,6.35,0.19
2015-Q1,FCC_E041,federal_employee,14.2,IT_staff,Office_of_Economics_Analytics,2,migration,9,4,66.2,2,8.16,6.28,4.62,8.68,6.31,5,2,0,0,0,0,1,4.67,4.1,5.85,4.85,4.59,1.13,0,4.96,5.74,0.25
2015-Q1,FCC_E042,federal_employee,12.9,administrative,Wireless_Telecommunications,3,migration,9,4,66.2,2,4.86,6.39,5.3,4.79,5.3,6,3,0,0,0,1,1,3.97,6.84,6.12,6.14,4.88,2.75,1,7.03,5.74,0.03
2015-Q1,FCC_E043,federal_employee,18.5,program_staff,Office_of_Communications,8,migration,5,5,66.2,2,5.05,4.03,4.91,5.19,7.09,7,1,0,1,0,0,2,6.31,7.92,3.17,4.6,2.68,3.35,1,4.75,6.2,0.01
2015-Q1,FCC_E044,contractor,21.8,administrative,Office_of_Media_Relations,5,migration,9,4,66.2,2,5.68,6.61,5.8,6.15,4.6,4,1,0,0,0,0,1,4.42,3.53,6.13,5.74,3.38,5.83,0,5.93,5.11,0.13
2015-Q1,FCC_E045,federal_employee,17.0,IT_staff,Office_of_Strategic_Planning,0,migration,6,5,66.2,2,5.8,5.25,5.1,8.01,6.17,4,3,1,0,1,1,1,5.93,5.48,4.64,5.47,5.67,1.84,0,5.61,3.73,0.44
2015-Q1,FCC_E046,contractor,17.6,field_operations,Public_Safety,2,migration,10,3,66.2,2,6.44,6.29,4.74,4.64,5.82,7,1,0,1,1,0,1,4.37,5.03,5.98,4.72,7.27,5.86,0,5.76,5.43,0.13
2015-Q1,FCC_E047,federal_employee,23.7,program_staff,Public_Safety,5,migration,11,5,66.2,2,4.63,5.36,3.32,6.5,7.76,5,1,0,1,0,0,2,4.67,3.99,4.55,4.69,4.01,3.15,0,5.89,7.2,0.01
2015-Q1,FCC_E048,federal_employee,16.6,policy_analyst,Office_of_Workplace_Diversity,4,migration,7,4,66.2,2,4.63,7.23,4.48,3.54,5.94,2,2,1,1,0,0,2,1.89,6.38,4.22,6.45,5.59,5.41,0,4.64,5.34,0.25
2015-Q1,FCC_E049,federal_employee,13.6,IT_staff,Office_of_General_Counsel,5,migration,6,2,66.2,2,6.84,6.01,5.76,8.6,5.49,5,0,0,1,1,1,2,4.3,5.81,5.53,4.17,3.4,4.72,0,5.48,5.24,0.68
2015-Q1,FCC_E050,federal_employee,19.5,program_staff,Wireline_Competition,9,migration,6,4,66.2,2,2.81,5.02,2.68,6.65,8.93,5,2,1,1,0,0,2,6.82,3.03,4.78,4.58,7.49,5.57,1,4.17,3.95,0.51
2015-Q1,FCC_E051,contractor,14.7,IT_staff,Wireless_Telecommunications,6,migration,8,4,66.2,2,6.68,7.4,4.69,8.08,6.74,1,4,0,0,0,0,2,6.94,5.49,4.23,4.1,5.85,3.74,0,6.38,5.5,0.34
2015-Q1,FCC_E052,contractor,14.2,policy_analyst,Office_of_Chief_Information_Officer,3,migration,12,5,66.2,2,6.7,3.94,4.43,7.57,6.32,8,1,1,1,0,0,0,3.89,2.22,4.72,3.28,3.56,5.3,1,6.55,4.79,0.29
2015-Q1,FCC_E053,contractor,22.4,policy_analyst,Wireless_Telecommunications,7,migration,9,5,66.2,2,4.38,7.82,7.27,5.75,3.29,7,1,0,0,0,0,1,3.41,6.81,5.31,3.94,6.25,5.08,1,5.91,4.34,0.03
2015-Q1,FCC_E054,contractor,14.5,program_staff,Enforcement_Bureau,8,migration,11,4,66.2,2,4.45,7.17,4.19,3.03,6.85,7,0,0,0,0,1,3,3.77,4.63,3.09,5.77,4.88,4.21,0,5.35,6.67,1.04
2015-Q1,FCC_E055,federal_employee,1.0,field_operations,Office_of_Communications,1,migration,7,2,66.2,2,4.86,5.55,4.32,7.57,6.99,6,1,0,0,0,0,1,5.46,4.89,3.86,5.26,4.39,6.32,0,3.45,6.56,0.42
2015-Q2,FCC_E001,federal_employee,9.4,program_staff,Office_of_Communications,1,migration,8,2,63.5,1,6.94,6.71,5.83,7.25,5.44,8,0,0,0,0,0,1,4.01,4.51,4.32,6.11,8.07,6.36,0,4.54,3.5,0.3
2015-Q2,FCC_E002,contractor,8.1,IT_staff,Office_of_Economics_Analytics,6,migration,6,3,63.5,1,4.96,5.64,5.4,6.38,5.38,3,3,0,1,0,1,1,5.57,5.09,4.56,6.6,7.95,4.64,1,5.58,7.59,0.19
2015-Q2,FCC_E003,contractor,19.9,program_staff,Wireline_Competition,8,migration,11,2,63.5,1,4.38,6.81,6.63,5.39,4.28,3,2,0,0,0,0,1,4.83,4.71,6.3,4.77,4.32,4.36,1,6.91,6.0,0.15
2015-Q2,FCC_E004,federal_employee,12.3,policy_analyst,Wireless_Telecommunications,5,migration,5,4,63.5,1,6.12,6.44,4.53,6.57,6.01,6,2,0,1,1,0,2,6.12,4.54,4.11,4.04,3.16,3.16,0,5.8,4.01,1.95
2015-Q2,FCC_E005,federal_employee,7.4,program_staff,Office_of_Communications,7,migration,10,2,63.5,1,5.86,6.07,3.94,4.39,6.85,6,0,0,0,1,1,3,5.1,4.85,4.0,4.86,6.73,7.22,1,6.95,5.98,0.09
2015-Q2,FCC_E006,federal_employee,10.2,administrative,Office_of_Media_Relations,7,migration,12,3,63.5,1,5.25,7.33,3.92,5.63,6.51,7,2,1,0,1,0,2,6.74,5.12,7.51,4.54,2.59,6.18,0,6.81,6.73,0.46
2015-Q2,FCC_E007,federal_employee,8.7,field_operations,Enforcement_Bureau,7,migration,11,5,63.5,1,4.25,5.68,1.92,5.77,8.36,5,1,0,0,0,0,1,7.42,4.82,6.91,5.63,4.59,6.12,0,5.5,4.87,0.02
2015-Q2,FCC_E008,contractor,16.7,program_staff,Enforcement_Bureau,2,migration,12,5,63.5,1,5.66,7.32,3.54,7.96,7.04,2,0,1,1,0,0,3,4.26,5.03,5.33,5.77,4.7,5.83,1,6.17,3.98,0.38
2015-Q2,FCC_E009,federal_employee,19.0,policy_analyst,Office_of_Managing_Director,3,migration,11,2,63.5,1,4.82,5.62,3.27,3.8,6.9,5,1,0,1,0,0,2,3.93,6.88,3.94,4.53,6.46,6.01,1,5.82,6.76,0.2
2015-Q2,FCC_E010,contractor,20.4,policy_analyst,Office_of_Managing_Director,2,migration,7,4,63.5,1,5.96,6.72,4.65,9.48,6.95,7,1,1,0,0,0,2,5.39,3.17,5.49,5.48,5.71,6.17,1,6.46,6.45,0.29
2015-Q2,FCC_E011,federal_employee,20.9,program_staff,Media_Bureau,3,migration,11,5,63.5,1,6.47,5.55,4.95,7.8,6.0,6,1,1,0,0,0,2,6.82,4.87,4.65,5.3,3.84,3.38,0,6.56,5.82,0.47
2015-Q2,FCC_E012,contractor,19.8,administrative,Office_of_Communications,2,migration,9,5,63.5,1,5.46,8.25,5.84,7.77,5.69,5,2,0,1,0,0,3,4.74,5.2,4.16,5.2,4.15,6.27,0,5.23,5.84,0.02
2015-Q2,FCC_E013,contractor,15.0,program_staff,Office_of_Communications,7,migration,9,5,63.5,1,3.82,5.51,4.13,6.93,6.43,9,4,0,0,0,0,2,6.81,5.94,4.08,4.04,4.51,4.13,1,7.37,6.68,0.36
2015-Q2,FCC_E014,federal_employee,11.8,program_staff,Media_Bureau,2,migration,10,5,63.5,1,6.16,6.95,5.62,7.77,5.01,7,1,0,0,0,0,1,4.78,7.53,5.23,4.92,6.66,4.5,0,4.97,4.26,0.01
2015-Q2,FCC_E015,federal_employee,6.5,IT_staff,Wireless_Telecommunications,3,migration,7,4,63.5,1,7.14,7.53,6.77,7.72,3.54,7,1,0,1,1,0,2,7.02,4.71,5.79,6.37,4.79,5.01,1,5.12,5.15,0.15
2015-Q2,FCC_E016,federal_employee,22.1,administrative,Office_of_Legislative_Affairs,2,migration,5,4,63.5,1,5.35,3.59,6.97,8.39,3.36,2,1,0,1,1,0,3,3.38,6.49,4.84,4.52,5.9,5.27,0,4.91,7.38,0.53
2015-Q2,FCC_E017,federal_employee,14.4,administrative,Office_of_Economics_Analytics,4,migration,9,3,63.5,1,5.41,5.83,5.44,5.62,5.21,3,0,0,0,0,0,2,5.87,6.46,5.43,3.84,4.57,5.19,0,5.82,3.97,0.85
2015-Q2,FCC_E018,federal_employee,13.0,IT_staff,Office_of_General_Counsel,6,migration,11,3,63.5,1,4.9,4.9,5.59,3.64,5.3,8,0,0,0,0,0,1,6.83,4.43,5.75,3.34,6.75,4.28,1,4.43,6.75,0.07
2015-Q2,FCC_E019,federal_employee,22.6,program_staff,International_Bureau,1,migration,7,2,63.5,1,9.01,8.41,4.85,8.05,5.92,5,1,1,0,0,1,1,5.22,2.64,3.31,4.02,4.32,6.77,0,6.88,5.63,0.09
2015-Q2,FCC_E020,federal_employee,10.1,policy_analyst,Public_Safety,1,migration,12,5,63.5,1,5.35,7.44,5.51,7.54,5.58,7,2,0,1,0,0,1,5.71,5.56,4.05,6.82,2.48,4.4,0,4.87,7.6,0.21
2015-Q2,FCC_E021,federal_employee,20.5,program_staff,Office_of_General_Counsel,3,migration,10,2,63.5,1,6.56,4.79,4.69,7.79,6.02,4,3,1,1,0,0,0,6.86,5.86,5.59,5.57,4.93,4.5,0,6.45,5.37,0.28
2015-Q2,FCC_E022,federal_employee,17.3,IT_staff,Media_Bureau,3,migration,10,5,63.5,1,6.05,7.34,5.93,9.5,5.67,6,1,0,0,0,0,0,7.68,5.58,3.65,4.1,5.82,6.34,1,5.25,8.2,0.33
2015-Q2,FCC_E023,federal_employee,9.3,administrative,Office_of_Communications,4,migration,8,4,63.5,1,6.28,7.38,4.45,5.64,6.91,8,2,1,0,0,0,3,4.43,5.93,7.47,4.49,6.47,5.9,0,5.73,6.33,0.16
2015-Q2,FCC_E024,federal_employee,15.0,policy_analyst,Media_Bureau,5,migration,6,5,63.5,1,6.35,5.84,4.02,7.17,6.55,5,0,0,1,0,0,1,5.83,5.56,6.27,5.06,4.68,5.2,0,5.29,4.43,0.27
2015-Q2,FCC_E025,federal_employee,21.3,program_staff,Administrative_Operations,2,migration,5,2,63.5,1,6.52,6.08,4.56,6.9,6.25,6,1,1,0,0,0,1,3.67,5.25,6.38,5.55,4.58,7.17,0,5.39,4.97,0.2
2015-Q2,FCC_E026,contractor,20.0,field_operations,Office_of_Strategic_Planning,8,migration,11,4,63.5,1,4.68,5.96,3.24,4.36,8.17,7,1,0,0,0,0,2,7.28,3.31,4.95,3.72,5.57,6.15,1,6.54,6.02,0.06
2015-Q2,FCC_E027,federal_employee,24.5,field_operations,Administrative_Operations,3,migration,10,3,63.5,1,7.47,6.44,5.12,7.89,6.57,4,1,0,0,0,0,3,7.29,4.94,5.33,4.81,2.92,5.6,0,5.94,5.29,0.23
2015-Q2,FCC_E028,federal_employee,17.5,program_staff,Wireline_Competition,1,migration,9,5,63.5,1,6.94,8.37,6.47,7.26,4.77,5,1,0,1,0,0,1,6.86,6.48,4.56,5.5,6.41,3.24,0,6.44,5.79,0.21
2015-Q2,FCC_E029,federal_employee,35.7,field_operations,Media_Bureau,2,migration,10,3,63.5,1,6.27,7.7,6.21,9.63,4.97,4,0,1,1,0,0,1,3.65,6.0,6.66,4.31,5.51,6.92,1,5.18,6.73,0.44
2015-Q2,FCC_E030,federal_employee,10.0,program_staff,Office_of_Communications,2,migration,10,4,63.5,1,5.09,6.98,3.92,6.03,7.85,6,2,0,1,0,1,2,7.24,7.19,5.47,6.07,5.88,5.48,0,5.79,3.83,0.8
2015-Q2,FCC_E031,federal_employee,13.1,administrative,Office_of_Managing_Director,4,migration,10,4,63.5,1,4.19,6.74,5.56,6.57,4.5,3,0,0,0,1,0,2,5.19,6.82,6.46,5.1,7.0,6.72,1,5.72,5.57,0.92
2015-Q2,FCC_E032,federal_employee,15.1,administrative,International_Bureau,6,migration,9,5,63.5,1,4.97,7.61,6.66,5.0,3.49,3,3,1,0,0,0,2,5.19,5.45,4.95,4.46,5.61,4.92,0,6.7,4.59,0.45
2015-Q2,FCC_E033,federal_employee,7.0,administrative,Wireless_Telecommunications,7,migration,5,5,63.5,1,4.12,6.58,3.24,4.66,7.93,2,1,0,1,1,1,2,4.56,5.11,6.44,5.68,6.12,3.32,0,4.42,5.88,0.3
2015-Q2,FCC_E034,contractor,21.2,IT_staff,International_Bureau,6,migration,12,3,63.5,1,6.03,6.48,6.49,4.03,4.33,6,3,0,0,0,0,4,6.12,5.43,5.38,6.35,6.43,3.0,1,7.33,5.69,0.2
2015-Q2,FCC_E035,contractor,20.5,field_operations,Wireless_Telecommunications,2,migration,10,2,63.5,1,5.47,7.12,7.73,8.56,3.26,6,0,0,1,0,1,2,4.76,2.33,5.64,5.48,3.62,4.16,0,8.01,4.5,0.09
2015-Q2,FCC_E036,contractor,16.1,program_staff,Office_of_Strategic_Planning,5,migration,9,4,63.5,1,5.98,6.86,6.06,6.76,4.92,4,0,0,1,0,1,2,7.81,5.45,5.58,3.64,6.2,2.65,0,5.98,4.55,0.38
2015-Q2,FCC_E037,federal_employee,12.3,IT_staff,Office_of_Communications,5,migration,8,2,63.5,1,6.48,6.05,3.86,6.61,7.61,8,2,0,1,1,0,2,6.92,3.43,4.63,5.96,4.71,5.12,0,6.56,5.7,0.16
2015-Q2,FCC_E038,federal_employee,6.5,IT_staff,Office_of_General_Counsel,4,migration,12,3,63.5,1,5.3,7.17,5.48,7.93,6.39,9,3,0,1,0,0,2,7.29,3.85,6.61,4.12,4.53,5.68,1,5.1,6.14,0.18
2015-Q2,FCC_E039,contractor,12.1,administrative,Consumer_Governmental_Affairs,4,migration,6,3,63.5,1,6.48,4.55,3.24,7.5,8.01,2,2,1,0,0,1,1,5.41,5.65,4.37,5.02,6.14,4.79,1,3.4,5.41,0.3
2015-Q2,FCC_E040,federal_employee,20.0,field_operations,Media_Bureau,3,migration,6,5,63.5,1,6.11,6.39,6.69,7.93,3.95,3,0,0,1,0,0,1,6.92,5.13,5.95,3.95,4.05,4.88,0,4.06,4.8,0.1
2015-Q2,FCC_E041,federal_employee,14.2,IT_staff,Office_of_Economics_Analytics,2,migration,7,3,63.5,1,5.62,6.42,6.94,8.27,4.15,1,0,0,1,0,0,1,5.08,4.27,5.04,5.35,7.94,4.75,0,6.95,7.3,0.33
2015-Q2,FCC_E042,federal_employee,12.9,administrative,Wireless_Telecommunications,3,migration,6,5,63.5,1,5.19,7.37,2.37,7.54,9.54,4,1,0,1,0,1,2,5.01,4.51,7.43,6.56,5.9,3.89,1,6.38,4.47,0.0
2015-Q2,FCC_E043,federal_employee,18.5,program_staff,Office_of_Communications,8,migration,6,4,63.5,1,5.98,4.9,3.63,6.36,8.02,4,1,0,1,1,0,1,5.41,3.49,3.88,4.14,4.59,4.39,1,6.42,6.63,0.04
2015-Q2,FCC_E044,contractor,21.8,administrative,Office_of_Media_Relations,5,migration,7,4,63.5,1,6.02,6.82,4.46,6.31,5.96,4,1,1,0,0,0,2,3.95,5.5,6.65,5.64,5.51,4.69,0,5.82,5.68,0.07
2015-Q2,FCC_E045,federal_employee,17.0,IT_staff,Office_of_Strategic_Planning,0,migration,8,3,63.5,1,8.26,7.65,7.19,8.1,2.86,8,2,1,0,0,0,2,5.88,5.44,4.96,5.33,5.74,7.33,0,6.68,8.27,0.04
2015-Q2,FCC_E046,contractor,17.6,field_operations,Public_Safety,2,migration,12,3,63.5,1,6.24,6.86,5.52,7.07,5.84,4,0,0,1,0,0,1,3.28,4.61,6.24,4.63,6.02,4.74,1,6.97,6.16,0.02
2015-Q2,FCC_E047,federal_employee,23.7,program_staff,Public_Safety,5,migration,9,5,63.5,1,6.37,8.01,4.57,5.22,6.7,5,1,0,0,0,0,3,5.95,4.48,4.19,5.61,4.42,5.41,0,4.85,3.69,0.19
2015-Q2,FCC_E048,federal_employee,16.6,policy_analyst,Office_of_Workplace_Diversity,4,migration,9,2,63.5,1,5.73,6.65,2.13,7.5,8.79,3,2,0,1,1,0,2,7.28,5.2,5.46,4.1,4.42,6.33,0,6.24,4.58,0.05
2015-Q2,FCC_E049,federal_employee,13.6,IT_staff,Office_of_General_Counsel,5,migration,6,2,63.5,1,5.82,5.62,5.8,6.18,4.89,4,0,1,0,0,0,1,7.09,3.93,5.82,4.16,5.89,2.9,1,5.6,5.77,0.05
2015-Q2,FCC_E050,federal_employee,19.5,program_staff,Wireline_Competition,9,migration,7,2,63.5,1,3.73,5.39,4.01,6.57,6.8,6,3,0,1,1,0,0,3.94,6.74,4.73,7.42,4.96,4.82,0,6.33,5.68,0.13
2015-Q2,FCC_E051,contractor,14.7,IT_staff,Wireless_Telecommunications,6,migration,11,4,63.5,1,6.7,5.71,5.85,7.9,5.77,9,3,1,1,0,1,0,6.32,3.96,5.48,5.08,6.36,3.47,0,4.61,4.61,0.79
2015-Q2,FCC_E052,contractor,14.2,policy_analyst,Office_of_Chief_Information_Officer,3,migration,7,2,63.5,1,5.96,6.55,4.37,5.25,6.87,10,1,0,0,0,0,2,5.51,7.5,6.89,2.92,3.51,3.85,0,4.63,6.52,0.37
2015-Q2,FCC_E053,contractor,22.4,policy_analyst,Wireless_Telecommunications,7,migration,10,4,63.5,1,3.99,6.8,4.63,2.9,6.4,3,1,0,1,0,0,1,6.85,5.31,4.7,4.35,4.6,6.81,0,6.68,7.82,0.02
2015-Q2,FCC_E054,contractor,14.5,program_staff,Enforcement_Bureau,8,migration,12,5,63.5,1,4.42,6.96,4.35,6.15,6.17,7,1,1,0,0,1,2,5.8,4.62,6.01,4.57,1.51,9.66,1,5.94,2.77,0.07
2015-Q2,FCC_E055,federal_employee,1.0,field_operations,Office_of_Communications,1,migration,11,2,63.5,1,4.32,7.14,6.59,8.52,4.54,3,2,1,0,0,0,0,7.45,5.58,6.0,6.11,5.56,5.43,1,7.58,3.59,0.19
2015-Q3,FCC_E001,federal_employee,9.4,program_staff,Office_of_Communications,1,migration,12,3,48.5,1,5.48,7.57,5.68,9.23,5.55,3,1,1,0,0,0,1,5.2,6.04,6.71,5.34,5.05,5.79,0,6.82,5.72,1.03
2015-Q3,FCC_E002,contractor,8.1,IT_staff,Office_of_Economics_Analytics,6,migration,9,6,48.5,1,7.97,7.52,5.02,6.52,5.82,9,1,0,0,0,0,2,5.51,6.78,5.07,7.2,6.43,6.0,1,6.78,5.11,0.24
2015-Q3,FCC_E003,contractor,19.9,program_staff,Wireline_Competition,8,migration,10,7,48.5,1,3.96,6.8,5.01,7.64,5.7,4,0,0,0,0,1,3,5.23,5.6,4.56,5.19,6.37,6.62,1,7.96,6.15,0.06
2015-Q3,FCC_E004,federal_employee,12.3,policy_analyst,Wireless_Telecommunications,5,migration,6,3,48.5,1,4.26,6.4,4.77,6.08,6.09,7,0,0,0,0,1,2,2.65,5.24,3.49,5.62,6.87,3.58,1,5.88,5.97,0.27
2015-Q3,FCC_E005,federal_employee,7.4,program_staff,Office_of_Communications,7,migration,8,6,48.5,1,4.61,5.49,5.42,6.33,5.96,6,1,0,1,0,0,4,3.88,5.94,5.81,5.71,7.07,5.69,1,7.25,6.57,0.06
2015-Q3,FCC_E006,federal_employee,10.2,administrative,Office_of_Media_Relations,7,migration,11,2,48.5,1,4.87,6.34,3.23,4.89,7.94,8,0,0,0,0,1,4,7.46,4.77,5.74,6.85,5.0,4.3,0,4.79,4.65,0.04
2015-Q3,FCC_E007,federal_employee,8.7,field_operations,Enforcement_Bureau,7,migration,6,3,48.5,1,4.48,7.42,5.39,5.96,6.11,4,0,1,1,0,1,1,5.33,8.34,5.45,6.48,6.52,3.47,0,6.5,2.24,0.19
2015-Q3,FCC_E008,contractor,16.7,program_staff,Enforcement_Bureau,2,migration,12,6,48.5,1,5.64,6.21,4.66,5.52,6.0,8,2,0,1,0,0,2,5.28,5.2,6.52,5.7,7.98,2.72,1,4.45,5.0,0.32
2015-Q3,FCC_E009,federal_employee,19.0,policy_analyst,Office_of_Managing_Director,3,migration,6,2,48.5,1,6.34,6.33,4.82,6.53,6.81,5,3,1,1,0,1,3,4.22,6.47,3.19,5.48,2.58,5.35,0,7.79,6.55,0.43
2015-Q3,FCC_E010,contractor,20.4,policy_analyst,Office_of_Managing_Director,2,migration,8,7,48.5,1,7.01,7.54,5.91,8.62,4.42,7,0,0,1,1,0,3,5.83,6.11,4.18,5.11,6.02,5.45,1,4.25,5.64,0.13
2015-Q3,FCC_E011,federal_employee,20.9,program_staff,Media_Bureau,3,migration,11,5,48.5,1,6.27,7.96,5.32,8.93,5.57,6,3,1,1,0,0,2,4.07,6.03,5.33,6.58,4.0,5.74,0,6.23,4.77,0.09
2015-Q3,FCC_E012,contractor,19.8,administrative,Office_of_Communications,2,migration,10,6,48.5,1,5.62,6.89,4.46,9.46,6.31,7,3,0,0,0,1,5,5.57,5.13,6.1,5.82,3.04,5.78,0,5.68,6.11,0.08
2015-Q3,FCC_E013,contractor,15.0,program_staff,Office_of_Communications,7,migration,11,3,48.5,1,3.97,7.01,3.69,7.07,6.9,2,1,1,0,0,0,2,6.71,5.06,4.8,6.24,7.52,4.56,1,5.84,5.71,0.18
2015-Q3,FCC_E014,federal_employee,11.8,program_staff,Media_Bureau,2,migration,5,4,48.5,1,6.06,6.21,4.94,8.08,5.77,5,3,1,0,0,0,4,6.31,6.36,9.19,4.18,4.92,6.4,1,5.98,6.97,0.63
2015-Q3,FCC_E015,federal_employee,6.5,IT_staff,Wireless_Telecommunications,3,migration,9,5,48.5,1,6.1,7.74,7.5,8.03,2.82,5,0,0,1,1,1,3,5.34,5.38,6.69,6.48,4.14,6.62,0,6.91,7.04,0.04
2015-Q3,FCC_E016,federal_employee,22.1,administrative,Office_of_Legislative_Affairs,2,migration,8,3,48.5,1,7.45,6.83,7.31,6.68,3.79,3,2,0,1,1,1,2,5.89,4.85,5.07,6.42,4.4,6.15,0,6.08,6.98,0.08
2015-Q3,FCC_E017,federal_employee,14.4,administrative,Office_of_Economics_Analytics,4,migration,8,3,48.5,1,6.0,7.51,4.32,4.25,6.4,6,0,0,0,0,0,2,5.86,5.09,6.37,5.38,5.14,5.02,0,6.1,6.8,2.1
2015-Q3,FCC_E018,federal_employee,13.0,IT_staff,Office_of_General_Counsel,6,migration,6,6,48.5,1,8.86,7.62,3.52,6.67,7.2,4,1,0,1,1,0,2,6.6,4.37,6.53,4.67,5.32,3.37,0,4.87,6.87,0.46
2015-Q3,FCC_E019,federal_employee,22.6,program_staff,International_Bureau,1,migration,7,6,48.5,1,6.83,8.62,4.29,5.13,7.23,8,1,0,0,0,0,3,6.42,7.54,6.02,6.31,4.61,2.88,0,7.88,8.4,0.0
2015-Q3,FCC_E020,federal_employee,10.1,policy_analyst,Public_Safety,1,migration,11,6,48.5,1,7.18,7.13,8.64,8.45,2.07,5,0,1,1,0,1,2,6.38,7.13,5.34,4.61,6.38,7.38,0,6.75,4.69,0.44
2015-Q3,FCC_E021,federal_employee,20.5,program_staff,Office_of_General_Counsel,3,migration,10,5,48.5,1,8.32,7.32,5.08,8.42,7.12,6,1,0,0,0,0,4,6.6,4.9,5.4,5.02,4.93,4.44,0,5.33,6.98,0.0
2015-Q3,FCC_E022,federal_employee,17.3,IT_staff,Media_Bureau,3,migration,7,3,48.5,1,8.31,7.0,5.09,9.46,5.56,7,1,0,0,1,0,4,6.17,6.8,6.57,6.58,7.21,5.87,1,5.96,6.38,0.12
2015-Q3,FCC_E023,federal_employee,9.3,administrative,Office_of_Communications,4,migration,5,2,48.5,1,5.86,7.49,5.88,7.86,5.58,9,0,1,1,0,0,2,5.87,6.56,6.61,4.17,4.1,6.15,0,5.65,4.51,0.06
2015-Q3,FCC_E024,federal_employee,15.0,policy_analyst,Media_Bureau,5,migration,11,6,48.5,1,5.85,6.02,4.33,6.6,5.65,7,2,1,0,0,0,2,5.0,5.26,5.55,4.64,7.76,6.51,0,3.93,7.0,0.13
2015-Q3,FCC_E025,federal_employee,21.3,program_staff,Administrative_Operations,2,migration,10,6,48.5,1,6.97,7.1,6.7,10.0,5.1,10,1,0,0,0,0,4,8.09,7.3,5.52,5.53,5.79,5.77,1,6.09,6.64,0.21
2015-Q3,FCC_E026,contractor,20.0,field_operations,Office_of_Strategic_Planning,8,migration,10,6,48.5,1,6.17,8.14,4.67,6.57,6.87,3,0,1,0,0,0,3,4.67,5.34,7.01,4.76,7.65,3.16,1,5.02,4.57,0.63
2015-Q3,FCC_E027,federal_employee,24.5,field_operations,Administrative_Operations,3,migration,9,7,48.5,1,6.4,6.6,6.82,8.22,3.72,4,2,0,1,0,0,0,6.2,5.12,7.07,5.89,4.5,3.63,0,5.17,6.88,0.44
2015-Q3,FCC_E028,federal_employee,17.5,program_staff,Wireline_Competition,1,migration,10,6,48.5,1,6.73,7.25,4.58,8.98,7.64,6,1,1,0,1,1,1,5.68,5.23,7.18,5.86,5.6,5.91,0,6.33,6.09,0.66
2015-Q3,FCC_E029,federal_employee,35.7,field_operations,Media_Bureau,2,migration,9,3,48.5,1,5.58,7.26,6.44,5.91,4.2,7,1,0,0,0,0,3,5.96,5.46,5.61,6.22,6.34,4.46,0,7.15,6.9,0.37
2015-Q3,FCC_E030,federal_employee,10.0,program_staff,Office_of_Communications,2,migration,10,3,48.5,1,4.96,8.02,5.89,8.56,5.94,4,0,1,0,1,0,0,3.16,6.74,7.07,5.29,6.01,5.54,0,4.25,5.78,0.0
2015-Q3,FCC_E031,federal_employee,13.1,administrative,Office_of_Managing_Director,4,migration,6,5,48.5,1,6.54,7.17,4.54,7.86,6.38,7,0,1,1,0,0,3,6.72,7.62,6.19,5.39,7.64,6.25,1,6.05,4.32,0.02
2015-Q3,FCC_E032,federal_employee,15.1,administrative,International_Bureau,6,migration,9,3,48.5,1,6.07,6.89,4.45,4.69,7.11,6,3,0,0,0,0,3,3.72,6.14,4.43,6.29,5.82,4.2,0,4.29,3.67,0.27
2015-Q3,FCC_E033,federal_employee,7.0,administrative,Wireless_Telecommunications,7,migration,10,5,48.5,1,4.3,4.46,6.14,5.61,4.55,8,2,0,1,0,0,2,6.86,6.17,5.66,5.38,6.22,6.9,0,6.45,7.92,0.32
2015-Q3,FCC_E034,contractor,21.2,IT_staff,International_Bureau,6,migration,6,5,48.5,1,6.6,9.13,6.47,7.77,4.31,6,1,1,1,0,0,4,5.71,7.16,5.69,4.89,7.37,5.98,0,5.75,7.77,0.11
2015-Q3,FCC_E035,contractor,20.5,field_operations,Wireless_Telecommunications,2,migration,8,3,48.5,1,7.06,5.93,4.39,7.9,6.35,3,0,1,1,0,0,3,6.16,7.34,6.35,5.75,2.31,6.11,0,7.79,7.12,0.02
2015-Q3,FCC_E036,contractor,16.1,program_staff,Office_of_Strategic_Planning,5,migration,11,5,48.5,1,7.68,5.65,4.59,4.98,5.95,15,1,0,0,0,0,2,6.02,3.21,4.49,6.64,5.9,2.88,1,8.19,6.21,0.03
2015-Q3,FCC_E037,federal_employee,12.3,IT_staff,Office_of_Communications,5,migration,10,4,48.5,1,6.86,8.05,5.83,7.98,3.92,6,2,1,0,0,0,4,7.16,6.36,6.18,4.79,5.18,4.91,1,7.09,5.62,0.08
2015-Q3,FCC_E038,federal_employee,6.5,IT_staff,Office_of_General_Counsel,4,migration,12,5,48.5,1,6.58,5.62,6.46,7.32,4.5,3,0,0,1,0,1,2,8.33,6.85,7.05,6.77,5.15,5.72,0,8.23,6.8,0.01
2015-Q3,FCC_E039,contractor,12.1,administrative,Consumer_Governmental_Affairs,4,migration,5,5,48.5,1,4.47,8.42,6.06,7.76,5.2,9,3,0,0,0,0,3,5.06,4.52,6.45,3.74,5.66,5.32,0,5.76,4.52,0.88
2015-Q3,FCC_E040,federal_employee,20.0,field_operations,Media_Bureau,3,migration,11,3,48.5,1,5.86,5.79,5.27,7.89,5.2,5,3,0,1,0,0,2,7.12,3.06,5.51,4.96,2.39,4.74,0,5.07,5.9,0.06
2015-Q3,FCC_E041,federal_employee,14.2,IT_staff,Office_of_Economics_Analytics,2,migration,12,6,48.5,1,7.06,7.31,6.5,9.33,4.2,7,2,1,1,0,0,2,4.76,5.72,4.17,4.36,5.31,4.09,1,4.38,5.34,0.03
2015-Q3,FCC_E042,federal_employee,12.9,administrative,Wireless_Telecommunications,3,migration,9,3,48.5,1,5.9,7.41,4.41,9.11,6.92,2,1,0,0,0,1,3,3.51,4.65,6.5,5.03,6.33,2.7,1,5.64,6.23,0.02
2015-Q3,FCC_E043,federal_employee,18.5,program_staff,Office_of_Communications,8,migration,6,3,48.5,1,5.65,7.23,3.08,7.86,7.89,6,2,0,0,0,0,2,7.44,4.83,5.61,5.3,5.3,7.05,0,6.12,5.7,0.08
2015-Q3,FCC_E044,contractor,21.8,administrative,Office_of_Media_Relations,5,migration,9,3,48.5,1,5.43,7.5,4.56,7.22,6.52,3,0,0,0,0,0,3,5.1,4.1,5.94,4.76,8.71,5.07,0,7.69,5.34,0.01
2015-Q3,FCC_E045,federal_employee,17.0,IT_staff,Office_of_Strategic_Planning,0,migration,12,4,48.5,1,7.95,7.9,6.98,9.44,3.99,6,2,1,0,1,0,4,7.63,5.65,5.23,4.76,5.94,5.3,0,5.31,5.14,0.66
2015-Q3,FCC_E046,contractor,17.6,field_operations,Public_Safety,2,migration,6,4,48.5,1,6.9,6.99,6.13,8.59,4.87,9,1,0,1,1,0,3,6.35,6.57,6.14,4.57,7.44,6.36,0,7.08,4.68,0.14
2015-Q3,FCC_E047,federal_employee,23.7,program_staff,Public_Safety,5,migration,7,5,48.5,1,5.8,5.07,4.04,7.05,6.67,4,1,0,1,1,0,3,5.78,6.9,6.58,5.02,5.21,6.77,0,6.43,5.91,0.23
2015-Q3,FCC_E048,federal_employee,16.6,policy_analyst,Office_of_Workplace_Diversity,4,migration,10,2,48.5,1,3.38,6.49,4.32,7.7,7.57,3,0,0,1,0,0,4,5.05,6.62,5.94,7.59,5.94,3.35,1,6.52,3.68,0.08
2015-Q3,FCC_E049,federal_employee,13.6,IT_staff,Office_of_General_Counsel,5,migration,5,2,48.5,1,8.29,7.64,7.2,7.95,3.88,8,4,1,1,1,0,3,7.34,3.69,5.49,6.11,5.43,6.79,0,5.55,7.18,0.27
2015-Q3,FCC_E050,federal_employee,19.5,program_staff,Wireline_Competition,9,migration,9,6,48.5,1,3.03,5.55,4.62,6.66,6.3,7,2,0,0,1,0,1,7.99,6.17,6.05,4.4,3.42,5.25,0,6.47,5.63,0.26
2015-Q3,FCC_E051,contractor,14.7,IT_staff,Wireless_Telecommunications,6,migration,5,5,48.5,1,6.94,7.58,5.01,7.1,6.07,6,1,0,1,1,0,3,5.49,3.42,5.08,6.91,4.93,5.57,1,6.26,3.66,0.75
2015-Q3,FCC_E052,contractor,14.2,policy_analyst,Office_of_Chief_Information_Officer,3,migration,10,7,48.5,1,4.71,8.14,5.62,9.51,5.95,5,2,0,0,0,0,2,5.68,5.18,6.03,8.34,4.84,5.02,1,6.78,5.22,0.45
2015-Q3,FCC_E053,contractor,22.4,policy_analyst,Wireless_Telecommunications,7,migration,11,4,48.5,1,5.71,6.93,5.82,6.22,5.45,8,1,0,0,0,0,2,3.5,7.12,5.11,6.17,7.06,3.56,1,7.5,6.12,0.09
2015-Q3,FCC_E054,contractor,14.5,program_staff,Enforcement_Bureau,8,migration,12,6,48.5,1,7.45,8.53,4.8,6.8,6.78,7,2,1,0,1,1,4,7.23,5.07,6.36,6.37,3.71,5.16,0,4.96,4.54,0.74
2015-Q3,FCC_E055,federal_employee,1.0,field_operations,Office_of_Communications,1,migration,6,3,48.5,1,6.38,7.16,5.54,7.89,5.29,5,2,0,1,1,0,3,6.19,5.21,5.64,5.01,3.57,4.18,0,7.13,5.83,0.48
2015-Q4,FCC_E001,federal_employee,9.4,program_staff,Office_of_Communications,1,migration,9,5,50.2,2,6.02,7.54,5.75,8.72,6.12,6,2,1,1,1,0,3,6.75,6.72,4.58,6.25,5.12,8.41,1,8.75,6.06,0.0
2015-Q4,FCC_E002,contractor,8.1,IT_staff,Office_of_Economics_Analytics,6,migration,10,4,50.2,2,6.74,7.45,7.54,7.25,3.03,5,0,0,0,0,0,1,6.64,4.78,6.97,5.29,5.95,6.76,1,6.46,6.72,0.13
2015-Q4,FCC_E003,contractor,19.9,program_staff,Wireline_Competition,8,migration,11,6,50.2,2,7.81,5.48,6.59,6.61,3.89,7,3,0,1,0,0,3,5.34,5.29,7.03,6.78,7.42,5.27,0,7.52,5.27,0.79
2015-Q4,FCC_E004,federal_employee,12.3,policy_analyst,Wireless_Telecommunications,5,migration,5,3,50.2,2,6.72,7.92,6.85,8.14,4.21,7,1,0,0,1,0,3,5.6,5.92,5.89,4.07,7.84,6.98,1,6.63,7.54,0.12
2015-Q4,FCC_E005,federal_employee,7.4,program_staff,Office_of_Communications,7,migration,5,3,50.2,2,4.46,7.25,4.3,6.56,6.98,3,4,1,1,0,1,4,4.68,7.71,6.33,7.77,8.91,7.42,1,6.83,5.72,0.14
2015-Q4,FCC_E006,federal_employee,10.2,administrative,Office_of_Media_Relations,7,migration,11,5,50.2,2,4.66,9.45,6.23,6.22,4.14,5,0,1,1,1,1,3,3.08,5.17,6.83,6.62,4.79,4.72,0,7.67,6.52,0.29
2015-Q4,FCC_E007,federal_employee,8.7,field_operations,Enforcement_Bureau,7,migration,7,5,50.2,2,7.04,6.96,5.39,6.12,5.44,3,1,0,1,0,0,2,7.63,5.11,5.77,5.44,10.0,6.61,0,7.39,7.57,0.56
2015-Q4,FCC_E008,contractor,16.7,program_staff,Enforcement_Bureau,2,migration,8,5,50.2,2,7.43,7.29,7.9,8.74,3.71,6,2,1,0,0,0,4,2.92,6.27,7.74,4.74,8.76,3.95,1,6.48,7.87,0.09
2015-Q4,FCC_E009,federal_employee,19.0,policy_analyst,Office_of_Managing_Director,3,migration,5,2,50.2,2,6.27,6.81,7.17,8.65,4.53,5,1,0,0,1,0,2,4.8,6.14,8.23,4.73,7.54,7.56,1,7.68,5.43,0.64
2015-Q4,FCC_E010,contractor,20.4,policy_analyst,Office_of_Managing_Director,2,migration,11,5,50.2,2,7.2,7.74,5.95,8.25,4.64,7,1,1,0,0,0,2,8.57,6.64,6.62,6.95,8.11,8.43,0,5.76,6.03,0.06
2015-Q4,FCC_E011,federal_employee,20.9,program_staff,Media_Bureau,3,migration,12,6,50.2,2,7.28,8.04,7.86,8.21,3.18,6,0,0,1,0,1,2,4.7,4.65,6.16,8.23,7.36,7.13,1,7.11,6.88,0.27
2015-Q4,FCC_E012,contractor,19.8,administrative,Office_of_Communications,2,migration,8,5,50.2,2,7.83,5.37,6.26,9.06,6.0,8,1,0,1,0,0,3,3.91,3.73,5.65,8.32,5.61,5.74,1,7.85,8.58,0.13
2015-Q4,FCC_E013,contractor,15.0,program_staff,Office_of_Communications,7,migration,10,4,50.2,2,5.53,6.78,4.93,7.37,6.0,6,2,1,1,1,0,2,7.82,6.27,6.53,6.21,6.46,5.83,0,5.67,4.72,0.15
2015-Q4,FCC_E014,federal_employee,11.8,program_staff,Media_Bureau,2,migration,8,3,50.2,2,8.23,7.05,8.8,7.17,2.24,8,1,0,1,0,0,4,8.52,8.36,5.54,7.33,5.99,4.35,1,7.11,6.99,0.41
2015-Q4,FCC_E015,federal_employee,6.5,IT_staff,Wireless_Telecommunications,3,migration,5,5,50.2,2,8.0,8.45,5.65,8.48,5.39,4,0,1,1,0,0,1,8.36,6.47,6.29,2.11,5.16,3.84,0,6.73,7.05,0.05
2015-Q4,FCC_E016,federal_employee,22.1,administrative,Office_of_Legislative_Affairs,2,migration,6,4,50.2,2,6.33,7.0,4.62,9.46,6.54,5,1,1,0,0,0,1,6.29,6.31,6.51,7.06,5.6,5.78,0,7.42,4.74,0.11
2015-Q4,FCC_E017,federal_employee,14.4,administrative,Office_of_Economics_Analytics,4,migration,12,4,50.2,2,6.45,7.45,4.66,8.1,6.9,6,1,1,1,0,0,3,5.87,7.98,6.32,6.38,6.96,6.1,0,6.2,6.36,0.39
2015-Q4,FCC_E018,federal_employee,13.0,IT_staff,Office_of_General_Counsel,6,migration,8,5,50.2,2,7.0,7.75,7.6,9.06,3.58,3,1,0,0,1,1,4,6.11,6.01,5.65,3.88,6.62,4.95,1,6.12,6.02,0.38
2015-Q4,FCC_E019,federal_employee,22.6,program_staff,International_Bureau,1,migration,8,6,50.2,2,6.97,8.47,7.47,9.5,2.95,6,0,0,0,0,1,1,6.25,5.1,5.24,5.41,7.16,4.97,1,5.47,5.34,0.01
2015-Q4,FCC_E020,federal_employee,10.1,policy_analyst,Public_Safety,1,migration,5,4,50.2,2,6.11,8.84,6.76,5.71,4.58,5,0,0,0,0,0,2,5.32,6.84,5.83,5.83,5.73,7.69,1,4.99,7.71,0.09
2015-Q4,FCC_E021,federal_employee,20.5,program_staff,Office_of_General_Counsel,3,migration,8,2,50.2,2,5.24,7.81,7.11,8.32,3.73,9,2,0,0,1,1,1,8.42,5.21,6.42,3.48,5.86,5.63,1,6.27,4.75,0.17
2015-Q4,FCC_E022,federal_employee,17.3,IT_staff,Media_Bureau,3,migration,6,3,50.2,2,8.88,6.69,7.55,8.34,3.01,5,2,1,1,0,1,3,5.7,8.01,6.97,4.23,5.44,7.09,1,8.18,6.26,0.42
2015-Q4,FCC_E023,federal_employee,9.3,administrative,Office_of_Communications,4,migration,12,6,50.2,2,3.76,6.9,6.16,8.97,5.63,4,0,1,1,0,0,1,3.58,7.5,5.32,5.92,6.87,6.09,1,8.3,6.19,0.1
2015-Q4,FCC_E024,federal_employee,15.0,policy_analyst,Media_Bureau,5,migration,8,5,50.2,2,6.72,7.32,5.03,6.69,6.14,5,1,0,0,0,0,2,5.86,4.7,6.83,5.33,4.79,4.45,1,4.87,4.59,0.14
2015-Q4,FCC_E025,federal_employee,21.3,program_staff,Administrative_Operations,2,migration,8,4,50.2,2,7.95,7.7,6.26,8.33,5.01,8,1,1,0,1,0,3,7.77,5.03,6.51,6.06,3.52,9.08,0,8.57,8.16,0.17
2015-Q4,FCC_E026,contractor,20.0,field_operations,Office_of_Strategic_Planning,8,migration,9,5,50.2,2,4.87,8.03,3.37,6.32,7.7,6,1,1,1,0,0,2,6.2,5.77,7.96,6.13,3.69,3.95,1,7.49,7.51,0.27
2015-Q4,FCC_E027,federal_employee,24.5,field_operations,Administrative_Operations,3,migration,10,6,50.2,2,6.54,7.95,5.43,8.94,5.11,4,1,1,1,1,0,4,5.38,6.54,6.29,5.37,5.75,5.47,1,6.62,7.02,0.25
2015-Q4,FCC_E028,federal_employee,17.5,program_staff,Wireline_Competition,1,migration,10,7,50.2,2,8.52,8.41,5.51,8.69,6.45,5,0,1,1,0,0,2,6.59,6.86,6.79,6.18,4.48,8.57,1,5.04,5.83,0.01
2015-Q4,FCC_E029,federal_employee,35.7,field_operations,Media_Bureau,2,migration,12,2,50.2,2,6.46,7.31,5.82,9.11,5.34,9,1,0,1,0,0,1,5.96,8.61,5.48,6.44,6.98,5.45,0,7.16,6.7,0.38
2015-Q4,FCC_E030,federal_employee,10.0,program_staff,Office_of_Communications,2,migration,10,5,50.2,2,6.67,7.79,5.47,7.66,5.72,5,0,1,1,0,0,4,6.06,6.17,6.24,4.33,7.4,6.4,0,6.62,4.88,1.02
2015-Q4,FCC_E031,federal_employee,13.1,administrative,Office_of_Managing_Director,4,migration,9,6,50.2,2,4.29,8.0,6.13,6.99,4.74,9,2,0,1,1,0,2,7.65,6.39,5.77,6.42,9.32,4.98,0,7.26,6.76,0.56
2015-Q4,FCC_E032,federal_employee,15.1,administrative,International_Bureau,6,migration,5,3,50.2,2,5.45,6.78,4.66,8.28,5.67,9,2,0,1,0,0,3,8.26,6.91,6.04,5.03,4.47,4.65,0,7.67,4.94,0.4
2015-Q4,FCC_E033,federal_employee,7.0,administrative,Wireless_Telecommunications,7,migration,11,4,50.2,2,7.49,6.69,7.94,6.67,2.56,6,0,0,1,0,1,2,5.85,6.87,6.67,5.32,5.47,4.96,1,7.0,5.28,0.18
2015-Q4,FCC_E034,contractor,21.2,IT_staff,International_Bureau,6,migration,6,5,50.2,2,7.62,7.61,8.09,9.0,1.3,6,0,0,0,0,1,2,8.54,5.07,5.65,6.5,6.28,7.16,0,5.02,4.84,1.41
2015-Q4,FCC_E035,contractor,20.5,field_operations,Wireless_Telecommunications,2,migration,11,5,50.2,2,6.0,6.87,5.68,9.39,5.46,7,0,0,0,0,0,3,5.95,7.38,4.8,4.4,6.89,8.96,0,5.49,6.67,0.09
2015-Q4,FCC_E036,contractor,16.1,program_staff,Office_of_Strategic_Planning,5,migration,9,6,50.2,2,6.21,8.39,5.52,7.8,5.86,5,1,1,1,0,0,3,5.48,4.45,6.93,5.81,8.48,6.11,0,5.87,5.97,0.07
2015-Q4,FCC_E037,federal_employee,12.3,IT_staff,Office_of_Communications,5,migration,8,5,50.2,2,8.36,8.65,6.75,7.43,4.26,4,0,0,0,0,0,2,6.91,3.84,6.09,6.93,4.64,6.79,1,6.5,6.2,0.67
2015-Q4,FCC_E038,federal_employee,6.5,IT_staff,Office_of_General_Counsel,4,migration,7,3,50.2,2,7.17,9.12,5.6,8.11,5.79,6,2,1,0,1,0,3,5.98,5.54,5.86,6.36,5.78,6.39,1,5.81,7.86,0.13
2015-Q4,FCC_E039,contractor,12.1,administrative,Consumer_Governmental_Affairs,4,migration,8,4,50.2,2,6.77,8.59,6.63,4.56,5.01,8,2,1,0,0,0,4,7.5,5.4,7.64,7.42,5.95,5.81,1,6.91,5.59,0.09
2015-Q4,FCC_E040,federal_employee,20.0,field_operations,Media_Bureau,3,migration,7,2,50.2,2,6.35,8.28,5.69,8.03,4.8,7,1,0,0,0,0,3,6.7,5.2,6.98,5.3,7.08,5.62,0,5.23,6.2,0.32
2015-Q4,FCC_E041,federal_employee,14.2,IT_staff,Office_of_Economics_Analytics,2,migration,7,4,50.2,2,7.67,7.37,7.24,8.76,3.41,1,1,1,0,0,1,1,6.11,7.18,5.69,2.72,5.51,5.45,1,6.1,5.82,0.08
2015-Q4,FCC_E042,federal_employee,12.9,administrative,Wireless_Telecommunications,3,migration,9,6,50.2,2,6.18,8.6,6.09,8.5,4.04,1,1,0,0,0,1,4,3.8,7.54,6.05,5.98,5.18,3.6,0,8.39,6.36,0.18
2015-Q4,FCC_E043,federal_employee,18.5,program_staff,Office_of_Communications,8,migration,10,6,50.2,2,6.84,7.46,6.35,7.59,3.94,3,2,0,1,0,0,2,5.08,3.89,6.9,5.72,7.47,6.37,0,5.91,4.31,0.47
2015-Q4,FCC_E044,contractor,21.8,administrative,Office_of_Media_Relations,5,migration,12,2,50.2,2,6.46,8.78,5.28,8.09,5.55,4,0,0,1,0,0,2,3.81,6.53,5.99,5.69,6.66,5.49,0,6.25,6.97,0.77
2015-Q4,FCC_E045,federal_employee,17.0,IT_staff,Office_of_Strategic_Planning,0,migration,11,4,50.2,2,7.69,8.13,8.95,9.35,1.69,6,1,0,0,0,0,1,6.98,4.61,6.37,5.98,6.44,6.34,1,7.13,6.66,0.12
2015-Q4,FCC_E046,contractor,17.6,field_operations,Public_Safety,2,migration,10,6,50.2,2,7.09,7.29,6.85,6.69,4.53,4,0,0,1,0,0,3,5.46,7.0,4.54,5.73,5.45,7.17,1,6.83,6.03,0.06
2015-Q4,FCC_E047,federal_employee,23.7,program_staff,Public_Safety,5,migration,8,3,50.2,2,5.98,7.55,5.02,8.95,5.01,6,0,0,0,0,0,3,4.0,6.47,8.58,5.73,6.55,5.42,0,6.41,7.51,0.02
2015-Q4,FCC_E048,federal_employee,16.6,policy_analyst,Office_of_Workplace_Diversity,4,migration,11,3,50.2,2,5.93,5.85,6.06,8.0,5.01,4,1,0,0,0,0,3,7.43,4.93,7.8,8.01,7.86,6.67,1,7.19,5.27,0.55
2015-Q4,FCC_E049,federal_employee,13.6,IT_staff,Office_of_General_Counsel,5,migration,7,6,50.2,2,7.17,7.05,6.9,7.35,3.79,6,1,1,0,0,0,2,9.65,5.69,7.26,5.0,5.48,5.32,1,7.59,8.14,0.35
2015-Q4,FCC_E050,federal_employee,19.5,program_staff,Wireline_Competition,9,migration,10,3,50.2,2,5.65,7.06,5.94,7.37,4.52,6,6,0,1,0,0,2,4.68,5.3,6.26,5.76,6.49,6.05,1,6.93,5.6,0.02
2015-Q4,FCC_E051,contractor,14.7,IT_staff,Wireless_Telecommunications,6,migration,11,4,50.2,2,7.93,8.69,7.26,8.77,3.72,4,1,0,0,0,0,3,6.26,5.07,5.21,6.17,5.49,7.96,1,6.63,7.95,0.14
2015-Q4,FCC_E052,contractor,14.2,policy_analyst,Office_of_Chief_Information_Officer,3,migration,6,5,50.2,2,6.66,5.94,6.67,7.53,4.73,7,6,1,0,0,0,1,4.99,5.38,8.84,5.13,8.14,4.86,1,8.2,6.46,0.33
2015-Q4,FCC_E053,contractor,22.4,policy_analyst,Wireless_Telecommunications,7,migration,11,7,50.2,2,5.93,6.13,5.11,7.52,6.74,6,2,0,1,1,0,3,5.03,7.0,7.54,5.59,6.62,6.38,0,8.38,7.16,0.62
2015-Q4,FCC_E054,contractor,14.5,program_staff,Enforcement_Bureau,8,migration,11,2,50.2,2,5.14,7.23,5.48,7.44,5.53,2,4,1,0,1,0,2,7.02,5.64,7.78,5.67,7.17,4.91,0,4.57,6.17,0.19
2015-Q4,FCC_E055,federal_employee,1.0,field_operations,Office_of_Communications,1,migration,12,3,50.2,2,3.94,6.68,3.64,8.05,6.66,8,2,1,1,1,0,4,5.08,5.37,4.03,7.91,7.12,5.18,0,6.33,5.83,1.09
2016-Q1,FCC_E001,federal_employee,9.4,program_staff,Office_of_Communications,1,optimization,6,4,45.2,1,7.3,7.91,5.33,8.03,5.4,5,1,1,0,1,0,2,8.62,8.48,4.79,8.56,5.56,4.89,1,6.7,5.87,0.56
2016-Q1,FCC_E002,contractor,8.1,IT_staff,Office_of_Economics_Analytics,6,optimization,6,6,45.2,1,8.0,6.55,6.16,8.93,4.16,5,1,0,1,1,1,5,8.04,4.1,6.44,8.16,6.29,4.48,1,7.74,6.44,0.03
2016-Q1,FCC_E003,contractor,19.9,program_staff,Wireline_Competition,8,optimization,5,5,45.2,1,5.68,6.93,6.47,7.75,4.92,5,0,0,1,0,0,2,5.13,5.48,8.4,4.91,7.02,5.38,1,6.06,6.55,0.22
2016-Q1,FCC_E004,federal_employee,12.3,policy_analyst,Wireless_Telecommunications,5,optimization,5,5,45.2,1,7.17,7.47,6.34,8.54,5.04,6,0,1,1,0,0,3,7.57,6.9,6.1,5.07,6.23,4.11,0,7.73,6.9,0.78
2016-Q1,FCC_E005,federal_employee,7.4,program_staff,Office_of_Communications,7,optimization,5,5,45.2,1,7.05,6.86,5.46,6.96,4.76,4,0,0,0,0,0,2,6.94,5.07,5.42,5.71,6.98,8.36,1,7.63,6.07,0.03
2016-Q1,FCC_E006,federal_employee,10.2,administrative,Office_of_Media_Relations,7,optimization,5,5,45.2,1,5.21,6.47,5.2,4.62,5.5,5,2,0,1,0,0,2,7.08,7.72,5.48,4.18,7.02,5.23,0,8.34,6.41,0.49
2016-Q1,FCC_E007,federal_employee,8.7,field_operations,Enforcement_Bureau,7,optimization,5,5,45.2,1,3.51,6.46,6.13,7.83,4.67,5,2,0,1,0,0,3,6.41,6.35,7.62,6.86,5.27,4.81,1,6.18,5.8,0.46
2016-Q1,FCC_E008,contractor,16.7,program_staff,Enforcement_Bureau,2,optimization,5,5,45.2,1,7.32,8.91,7.99,6.77,2.83,4,0,1,0,0,0,3,5.96,6.61,6.11,6.76,5.6,5.59,0,8.5,7.34,0.32
2016-Q1,FCC_E009,federal_employee,19.0,policy_analyst,Office_of_Managing_Director,3,optimization,5,5,45.2,1,6.46,7.99,6.82,8.36,4.78,1,1,1,1,0,0,3,5.65,6.31,7.39,6.71,5.57,5.16,1,6.55,6.76,0.46
2016-Q1,FCC_E010,contractor,20.4,policy_analyst,Office_of_Managing_Director,2,optimization,5,5,45.2,1,8.35,6.5,4.96,7.56,5.93,2,0,1,1,0,0,1,6.93,5.56,6.24,6.63,6.9,7.66,1,7.31,9.23,0.01
2016-Q1,FCC_E011,federal_employee,20.9,program_staff,Media_Bureau,3,optimization,5,5,45.2,1,7.0,6.94,5.28,9.26,6.11,8,1,1,0,0,1,2,6.15,4.11,7.46,5.88,5.96,7.3,1,7.35,4.78,0.33
2016-Q1,FCC_E012,contractor,19.8,administrative,Office_of_Communications,2,optimization,6,6,45.2,1,6.08,7.58,7.58,7.16,3.48,4,1,1,1,0,1,3,6.84,6.72,6.53,6.68,7.09,5.92,0,7.1,7.79,0.36
2016-Q1,FCC_E013,contractor,15.0,program_staff,Office_of_Communications,7,optimization,6,6,45.2,1,9.17,7.59,5.53,7.23,5.55,6,1,0,1,0,0,2,4.73,7.28,7.12,8.21,4.34,8.84,0,6.35,6.87,1.25
2016-Q1,FCC_E014,federal_employee,11.8,program_staff,Media_Bureau,2,optimization,6,6,45.2,1,7.73,6.71,5.32,7.63,4.96,9,0,1,1,0,0,4,5.89,6.62,4.26,4.61,9.14,6.73,1,8.39,6.45,0.77
2016-Q1,FCC_E015,federal_employee,6.5,IT_staff,Wireless_Telecommunications,3,optimization,5,5,45.2,1,7.68,7.71,8.17,9.58,2.64,5,0,1,0,0,0,3,6.2,9.04,5.31,5.45,8.02,5.48,0,7.29,3.58,0.67
2016-Q1,FCC_E016,federal_employee,22.1,administrative,Office_of_Legislative_Affairs,2,optimization,5,4,45.2,1,6.1,7.21,7.1,9.52,3.59,3,2,0,0,0,0,1,5.32,7.72,7.33,5.99,5.56,6.49,0,7.35,5.01,0.21
2016-Q1,FCC_E017,federal_employee,14.4,administrative,Office_of_Economics_Analytics,4,optimization,5,5,45.2,1,6.28,7.73,7.31,8.3,3.22,4,0,0,0,0,1,3,7.04,5.54,6.47,5.39,7.95,6.0,0,8.87,7.65,0.48
2016-Q1,FCC_E018,federal_employee,13.0,IT_staff,Office_of_General_Counsel,6,optimization,6,6,45.2,1,6.95,7.02,6.49,7.8,4.4,2,0,0,1,0,0,3,7.64,5.8,8.18,5.93,6.38,4.49,1,8.06,7.18,0.44
2016-Q1,FCC_E019,federal_employee,22.6,program_staff,International_Bureau,1,optimization,5,5,45.2,1,6.88,7.9,6.38,9.07,3.96,12,1,1,0,1,1,2,6.04,6.68,6.75,7.36,7.11,4.56,0,8.91,7.8,0.12
2016-Q1,FCC_E020,federal_employee,10.1,policy_analyst,Public_Safety,1,optimization,5,5,45.2,1,6.71,7.92,7.58,9.49,4.62,8,0,1,1,0,0,1,7.57,6.55,6.68,6.7,7.04,5.12,0,7.81,6.73,1.42
2016-Q1,FCC_E021,federal_employee,20.5,program_staff,Office_of_General_Counsel,3,optimization,5,5,45.2,1,7.93,7.67,6.27,7.73,3.96,10,2,1,0,1,0,5,5.64,4.83,5.8,5.85,8.85,4.97,0,5.91,7.85,1.37
2016-Q1,FCC_E022,federal_employee,17.3,IT_staff,Media_Bureau,3,optimization,6,4,45.2,1,7.41,8.09,8.06,7.6,2.92,2,0,1,0,1,0,3,7.85,6.18,5.67,6.89,8.19,7.64,0,8.0,6.47,0.18
2016-Q1,FCC_E023,federal_employee,9.3,administrative,Office_of_Communications,4,optimization,5,5,45.2,1,6.94,8.33,4.3,7.4,5.91,5,0,0,1,0,0,3,7.31,6.36,5.74,5.32,4.82,6.62,0,6.62,7.12,0.21
2016-Q1,FCC_E024,federal_employee,15.0,policy_analyst,Media_Bureau,5,optimization,6,6,45.2,1,6.37,8.22,7.1,8.96,3.72,9,1,0,1,0,0,3,7.25,5.63,9.36,6.95,6.48,5.39,1,9.62,8.28,0.37
2016-Q1,FCC_E025,federal_employee,21.3,program_staff,Administrative_Operations,2,optimization,6,6,45.2,1,6.93,8.02,5.2,9.87,5.26,6,2,0,1,1,0,2,9.24,6.68,6.75,7.31,8.15,6.98,1,6.0,5.86,0.22
2016-Q1,FCC_E026,contractor,20.0,field_operations,Office_of_Strategic_Planning,8,optimization,5,5,45.2,1,6.75,7.97,4.85,6.85,5.84,5,2,1,1,0,0,3,7.34,6.77,7.1,7.45,6.95,6.59,0,8.6,8.02,0.05
2016-Q1,FCC_E027,federal_employee,24.5,field_operations,Administrative_Operations,3,optimization,5,4,45.2,1,7.45,7.61,5.95,8.27,4.65,7,0,1,1,0,0,2,4.37,6.19,7.26,7.84,6.23,5.78,0,8.23,5.15,0.04
2016-Q1,FCC_E028,federal_employee,17.5,program_staff,Wireline_Competition,1,optimization,6,6,45.2,1,8.0,6.95,6.64,9.5,4.88,3,0,1,1,0,0,3,6.35,8.15,6.33,5.89,7.71,7.53,0,6.62,4.72,0.3
2016-Q1,FCC_E029,federal_employee,35.7,field_operations,Media_Bureau,2,optimization,5,5,45.2,1,8.04,9.42,6.11,9.04,5.44,10,1,0,1,0,0,3,5.03,5.9,5.71,6.5,6.11,5.64,1,6.55,7.41,0.15
2016-Q1,FCC_E030,federal_employee,10.0,program_staff,Office_of_Communications,2,optimization,7,4,45.2,1,5.11,7.49,5.59,8.95,5.68,5,3,0,0,0,1,4,5.88,4.66,7.63,5.92,6.92,5.34,1,7.88,6.06,0.04
2016-Q1,FCC_E031,federal_employee,13.1,administrative,Office_of_Managing_Director,4,optimization,5,5,45.2,1,4.76,8.23,5.17,7.46,5.65,8,0,1,1,1,0,4,6.37,8.35,5.97,5.7,8.15,7.11,1,6.91,6.43,0.24
2016-Q1,FCC_E032,federal_employee,15.1,administrative,International_Bureau,6,optimization,6,6,45.2,1,6.44,8.05,6.15,6.81,4.27,4,0,1,1,0,0,2,7.6,5.89,7.03,2.5,7.73,4.72,0,8.07,5.11,0.12
2016-Q1,FCC_E033,federal_employee,7.0,administrative,Wireless_Telecommunications,7,optimization,6,6,45.2,1,5.83,6.08,5.66,6.85,5.05,5,2,0,0,0,0,1,8.89,6.63,6.67,7.46,5.9,6.48,0,6.93,8.38,0.5
2016-Q1,FCC_E034,contractor,21.2,IT_staff,International_Bureau,6,optimization,6,6,45.2,1,7.8,7.93,6.75,8.32,4.4,1,1,1,1,0,1,3,8.82,6.22,6.02,6.29,5.7,6.27,0,4.38,6.71,0.01
2016-Q1,FCC_E035,contractor,20.5,field_operations,Wireless_Telecommunications,2,optimization,6,3,45.2,1,7.85,8.54,4.89,10.0,6.92,5,1,0,1,0,0,3,8.02,5.41,7.5,7.06,7.04,5.31,1,6.39,6.09,0.61
2016-Q1,FCC_E036,contractor,16.1,program_staff,Office_of_Strategic_Planning,5,optimization,5,4,45.2,1,7.03,7.0,5.78,8.01,6.02,5,1,0,1,0,0,2,8.3,7.98,5.26,6.63,8.24,6.32,0,7.83,7.96,0.05
2016-Q1,FCC_E037,federal_employee,12.3,IT_staff,Office_of_Communications,5,optimization,6,6,45.2,1,6.68,8.41,8.71,9.3,1.46,3,0,0,1,0,0,3,8.59,5.11,7.25,6.56,6.47,6.69,0,6.04,5.38,0.63
2016-Q1,FCC_E038,federal_employee,6.5,IT_staff,Office_of_General_Counsel,4,optimization,6,5,45.2,1,8.05,8.18,6.83,9.34,4.35,5,1,0,1,1,0,3,6.33,6.12,9.0,5.67,7.44,8.74,1,6.63,6.2,0.16
2016-Q1,FCC_E039,contractor,12.1,administrative,Consumer_Governmental_Affairs,4,optimization,5,5,45.2,1,7.88,7.75,4.82,9.1,6.33,8,2,1,1,1,1,2,7.27,7.18,5.51,5.85,8.32,8.63,1,7.44,8.23,0.35
2016-Q1,FCC_E040,federal_employee,20.0,field_operations,Media_Bureau,3,optimization,5,4,45.2,1,7.68,7.12,6.61,8.09,4.29,14,4,0,1,1,0,4,5.7,6.7,5.8,7.16,5.19,6.77,0,7.18,6.46,0.23
2016-Q1,FCC_E041,federal_employee,14.2,IT_staff,Office_of_Economics_Analytics,2,optimization,5,4,45.2,1,9.34,7.91,7.1,10.0,3.77,4,3,1,0,0,0,3,8.12,6.57,6.7,5.53,9.37,7.29,0,5.89,5.9,1.3
2016-Q1,FCC_E042,federal_employee,12.9,administrative,Wireless_Telecommunications,3,optimization,5,5,45.2,1,5.55,8.68,5.89,9.47,5.89,2,0,1,1,1,0,3,6.23,6.3,6.2,6.79,7.2,7.57,0,8.47,6.64,0.31
2016-Q1,FCC_E043,federal_employee,18.5,program_staff,Office_of_Communications,8,optimization,5,4,45.2,1,5.82,7.12,5.39,6.87,5.75,7,2,0,1,0,0,3,4.72,6.49,5.37,6.89,4.27,8.8,0,6.66,7.38,0.89
2016-Q1,FCC_E044,contractor,21.8,administrative,Office_of_Media_Relations,5,optimization,6,4,45.2,1,6.03,8.16,8.32,8.5,1.94,8,3,1,0,0,0,2,5.61,9.4,6.85,6.89,6.88,4.86,0,6.7,7.39,0.47
2016-Q1,FCC_E045,federal_employee,17.0,IT_staff,Office_of_Strategic_Planning,0,optimization,5,5,45.2,1,8.88,9.49,7.75,8.52,4.0,1,2,0,0,1,0,2,8.95,4.86,5.01,5.76,8.92,5.01,0,6.98,6.8,0.31
2016-Q1,FCC_E046,contractor,17.6,field_operations,Public_Safety,2,optimization,5,5,45.2,1,8.23,5.87,8.61,8.96,1.75,4,3,1,0,0,1,1,8.69,7.35,6.57,5.23,6.15,7.52,1,6.68,5.31,0.08
2016-Q1,FCC_E047,federal_employee,23.7,program_staff,Public_Safety,5,optimization,5,5,45.2,1,8.42,6.17,7.74,9.26,2.7,7,1,0,1,0,0,4,7.4,6.04,6.89,6.0,5.73,7.56,0,7.15,5.93,0.11
2016-Q1,FCC_E048,federal_employee,16.6,policy_analyst,Office_of_Workplace_Diversity,4,optimization,5,4,45.2,1,5.61,7.96,5.75,8.26,5.95,6,2,1,0,1,0,2,9.04,6.21,6.48,7.96,6.72,6.16,1,6.43,5.75,0.17
2016-Q1,FCC_E049,federal_employee,13.6,IT_staff,Office_of_General_Counsel,5,optimization,5,4,45.2,1,6.88,8.5,6.79,7.76,4.32,4,0,0,0,0,0,1,6.61,8.23,6.31,7.38,6.7,6.52,1,7.16,5.27,0.01
2016-Q1,FCC_E050,federal_employee,19.5,program_staff,Wireline_Competition,9,optimization,6,6,45.2,1,5.67,8.98,5.27,6.98,5.93,6,0,1,1,1,1,2,4.49,9.49,6.48,5.88,6.76,4.9,0,6.07,7.83,0.6
2016-Q1,FCC_E051,contractor,14.7,IT_staff,Wireless_Telecommunications,6,optimization,5,5,45.2,1,6.49,7.45,5.97,8.24,5.08,6,1,0,0,0,0,3,8.56,7.17,7.48,6.16,7.41,6.49,1,8.79,5.66,0.39
2016-Q1,FCC_E052,contractor,14.2,policy_analyst,Office_of_Chief_Information_Officer,3,optimization,5,5,45.2,1,7.24,8.2,8.5,8.38,2.47,12,1,0,1,0,0,0,7.8,3.89,7.33,6.26,5.88,5.87,1,8.88,5.78,0.22
2016-Q1,FCC_E053,contractor,22.4,policy_analyst,Wireless_Telecommunications,7,optimization,5,5,45.2,1,7.43,7.55,6.41,8.62,4.86,6,3,1,0,0,0,2,4.15,5.98,4.45,7.8,8.31,7.22,0,7.09,8.17,0.38
2016-Q1,FCC_E054,contractor,14.5,program_staff,Enforcement_Bureau,8,optimization,5,5,45.2,1,7.5,8.8,5.23,6.18,5.43,5,1,0,1,1,0,4,3.37,6.94,6.42,4.66,6.08,6.87,1,6.23,6.1,0.07
2016-Q1,FCC_E055,federal_employee,1.0,field_operations,Office_of_Communications,1,optimization,5,5,45.2,1,5.43,7.17,5.83,7.72,5.17,7,1,0,0,1,0,2,5.58,9.2,6.04,5.03,7.07,5.98,1,7.67,5.92,0.03
